Motif_ID	Motif_Name	Information_Content	Shannon_Entropy	Length	Consensus
M00001_2.00	ABF1	15.210	1.874	8	TTATCACT
M00002_2.00	AFT2	7.829	13.994	10	NGGGTGTNNN
M00003_2.00	MBP1	10.704	6.334	8	GACGCGTA
M00004_2.00	SWI4	11.038	6.441	8	GACGCGAA
M00005_2.00	XBP1	11.143	5.838	8	TCTCGAAG
M00006_2.00	PHD1	12.830	3.840	8	GMTGCAGG
M00007_2.00	SOK2	12.799	10.655	11	ACCTGCAKGCN
M00008_2.00	SUM1	3.228	12.196	7	NNAAATT
M00009_2.00	PHO4	13.877	6.959	10	NCCACGTGCN
M00010_2.00	CBF1	11.384	12.353	11	NGCACGTGACN
M00011_2.00	TYE7	13.919	2.425	8	ATCACGTG
M00012_2.00	HAC1	8.357	14.000	10	AGGMCACGTN
M00013_2.00	YAP3	12.089	9.183	10	NATTACKWAA
M00014_2.00	CST6	12.548	4.054	8	ATGACGTA
M00015_2.00	CIN5	11.468	11.398	10	GMTTACGTAA
M00016_2.00	REI1	10.722	6.599	8	GCCCCTGA
M00017_2.00	RPN4	13.493	7.144	10	NTCGCCACCN
M00018_2.00	STP4	5.086	14.882	9	AACTCTAGN
M00019_2.00	GIS1	10.249	11.513	10	ACCCCTAATN
M00020_2.00	SWI5	12.941	10.351	11	NNTGCTGGTTN
M00021_2.00	ADR1	12.982	8.051	10	TACCCCRCAN
M00022_2.00	MET32	12.820	8.759	10	GGCGCCACAG
M00023_2.00	MIG3	13.470	7.309	10	NNCCCCGCAN
M00024_2.00	COM2	10.725	6.925	8	CCCCCTAT
M00025_2.00	RPH1	13.656	9.786	11	NTACCCCTAAN
M00026_2.00	MIG1	11.058	5.926	8	ACCCCGCA
M00027_2.00	MIG2	8.242	14.043	10	TNCCCCRCAN
M00028_2.00	FZF1	13.298	7.342	10	NCCTATCAAN
M00029_2.00	YGR067C	9.899	8.230	8	CCCCCCAC
M00030_2.00	RIM101	11.709	10.066	10	TCTTGGCRNN
M00031_2.00	RSF2	13.004	8.141	10	TACCCCGCAC
M00032_2.00	MSN4	7.291	10.052	8	NCCCCTTN
M00033_2.00	ACE2	12.466	8.615	10	NTGCTGGTYN
M00034_2.00	STP3	9.644	8.441	8	CTAGCGCA
M00035_2.00	TDA9	13.720	7.267	10	NACCCCGCAC
M00036_2.00	MSN2	10.643	6.467	8	TACCCCTT
M00037_2.00	RGM1	10.862	6.362	8	GCCCCTGA
M00038_2.00	CRZ1	10.915	15.030	12	NGGCTGCGCCNN
M00039_2.00	AZF1	2.657	18.831	10	TTNYNNNNNN
M00040_2.00	MET31	10.443	10.853	10	CNACACCTCN
M00041_2.00	USV1	10.852	6.283	8	GCCCCTGA
M00042_2.00	CMR3	13.476	5.103	9	YGTARATCC
M00043_2.00	YPR022C	9.607	10.138	9	CCCCACGCN
M00044_2.00	HCM1	7.830	12.521	9	NRTAAACAA
M00045_2.00	FKH2	13.577	2.896	8	GTAAACAA
M00046_2.00	FHL1	12.405	4.224	8	NGACGCAA
M00047_2.00	SRD1	12.014	5.270	8	AGATCTAC
M00048_2.00	GLN3	10.828	6.141	8	TAGATAAG
M00049_2.00	GAT1	5.596	16.343	10	NNNNGATAAN
M00050_2.00	GAT4	13.266	7.328	10	NNAGATCTAG
M00051_2.00	GZF3	11.800	4.827	8	CGATAAGN
M00052_2.00	DAL80	3.820	17.914	10	NNGATATCNN
M00053_2.00	GAT3	8.366	13.558	10	GTAGATCTNN
M00054_2.00	ECM23	11.463	5.399	8	AAGATCTG
M00055_2.00	HMRA2	11.512	5.654	8	CRTGTAAW
M00056_2.00	PHO2	10.697	7.018	8	TAATAAAT
M00057_2.00	TOS8	4.875	17.092	10	NNACRYGTNN
M00058_2.00	YOX1	10.921	6.757	8	ATTAATTA
M00059_2.00	CUP9	11.028	6.731	8	TGACACAW
M00060_2.00	HSF1	4.951	15.061	9	NNNTTCCAT
M00061_2.00	SKN7	11.414	6.223	8	ATGGCCAG
M00062_2.00	TOD6	6.868	10.944	8	CCATCGNN
M00063_2.00	REB1	14.232	2.127	8	GTTACCCG
M00064_2.00	DOT6	10.881	6.332	8	STCATCGC
M00065_2.00	TBF1	11.685	5.270	8	ARCCCTAA
M00066_2.00	RFX1	13.245	7.607	10	NSGTTGCYAN
M00067_2.00	MOT2	3.426	12.139	7	TATATAA
M00068_2.00	NHP10	15.210	1.874	8	TCCCCGGC
M00069_2.00	ABF2	12.385	11.257	11	NGCTCTAGACN
M00070_2.00	ROX1	12.749	10.792	11	NAAACAATANT
M00071_2.00	STE12	13.137	8.132	10	NTGTTTCANA
M00072_2.00	TEC1	11.982	4.658	8	GGGAATGY
M00073_2.00	DAL82	6.476	15.594	10	AAANNTGCGC
M00074_2.00	OAF1	7.443	14.241	10	NTCGGRGNTA
M00075_2.00	EDS1	6.465	15.975	10	NCGGAANAAT
M00076_2.00	TBS1	7.347	12.001	9	NGCGGANCN
M00077_2.00	ERT1	10.661	6.438	8	AYCGGAAC
M00078_2.00	RDS1	11.704	5.583	8	GCGGCCGG
M00079_2.00	UGA3	7.974	11.262	9	GCGGGATNN
M00080_2.00	LYS14	5.121	17.002	10	CNNCGGAATT
M00081_2.00	UME6	6.234	16.150	10	NACCGCGGTN
M00082_2.00	RSC3	12.662	4.766	8	GCGCGCGG
M00083_2.00	URC2	8.465	13.625	10	CGGAGATANN
M00084_2.00	TOG1	11.131	7.928	9	TTTCCGGAN
M00085_2.00	PDR1	10.921	6.206	8	CMCGGAAC
M00086_2.00	RSC30	12.662	8.706	10	GGCGCGCGGG
M00087_2.00	STB5	7.304	15.128	10	NCGGNGTTAT
M00088_2.00	ASG1	6.512	8.600	7	CGGAANN
M00089_2.00	SIP4	5.626	16.300	10	NNNTTCCSGA
M00090_2.00	GSM1	9.828	12.140	10	AYTCCGGART
M00091_2.00	PUT3	6.491	14.722	10	NCGGGNNNNN
M00092_2.00	RGT1	8.221	14.104	10	CGGAAAAWNT
M00093_2.00	YKL222C	11.690	12.123	11	NCAACGGAAAT
M00094_2.00	YLL054C	6.444	8.373	7	NNCGGAN
M00095_2.00	CHA4	12.965	8.032	10	NGGCGGAGAW
M00096_2.00	ECM22	6.655	15.398	10	NTCSGRAAAA
M00097_2.00	HAP1	8.197	11.440	9	TCGGANATA
M00098_2.00	PDR8	8.182	11.309	9	NACGGANAW
M00099_2.00	YLR278C	7.101	14.526	10	NNNCGGAGNT
M00100_2.00	STB4	7.992	14.216	10	NTCGGAAANN
M00101_2.00	CEP3	11.674	5.380	8	NCTCGGAA
M00102_2.00	CAT8	8.174	11.025	9	NNNCCGGAN
M00103_2.00	YNR063W	7.538	14.880	10	NTCGGAGATN
M00104_2.00	HAL9	7.082	7.947	7	NCGGAAN
M00105_2.00	YRR1	7.146	15.314	10	GCGGANATAA
M00106_2.00	YRM1	11.627	5.412	8	ACGGAAAT
M00107_2.00	TEA1	11.182	8.272	9	GCGGAAATT
M00108_2.00	RDR1	7.865	7.751	7	GCGGAAA
M00109_2.00	RDS2	7.250	12.192	9	NTCGGRNNN
M00110_2.00	YPR196W	8.039	14.274	10	NCGGAGAAWT
M00374_2.00	CBF1	12.407	7.311	9	NCACGTGAC
M00378_2.00	RAP1	12.167	10.439	10	GGRTGKAYGG
M00902_2.00	ABF1	7.111	14.468	10	CGTNNNAART
M00903_2.00	CAD1	12.143	6.754	9	CTTACTAAT
M00904_2.00	HAC1	7.466	15.012	10	NNACGTGKCN
M00905_2.00	YAP3	12.026	12.001	11	TTWMGTAATAT
M00906_2.00	CST6	10.098	12.255	10	GRTGACGTMA
M00907_2.00	SKO1	13.594	7.425	10	NATGACGTAA
M00908_2.00	CIN5	13.524	12.709	12	NTTACGTAATCA
M00909_2.00	NRG2	13.068	7.822	10	AGGACCCTGN
M00910_2.00	STP1	13.018	7.913	10	AYACGGCGCN
M00911_2.00	ZAP1	6.993	14.759	10	TACCCTNNNG
M00912_2.00	MOT3	13.362	5.161	9	CGTGCCTGC
M00913_2.00	MSN1	12.752	7.946	10	AWWTGTCCTN
M00914_2.00	GCR1	8.491	13.679	10	GGCTTCCTCT
M00915_2.00	HMLALPHA2	4.486	13.562	8	NTTACACG
M00916_2.00	STE12	13.641	7.075	10	NTGTTTCAKN
M00917_2.00	VHR2	13.532	7.391	10	NATGACTCAN
M00918_2.00	PDR3	12.660	10.954	11	NCCCGCGGAAN
M00919_2.00	EDS1	3.425	16.501	9	NCGGAANAA
M00920_2.00	UPC2	9.351	10.342	9	NTCGTWTAN
M00921_2.00	TOG1	9.946	17.892	13	NNNTCCGGAGANN
M00922_2.00	SUT1	13.555	4.802	9	NCGGASTTN
M00923_2.00	STB5	7.448	14.372	10	NCGGNGTTAN
M00924_2.00	ECM22	7.152	12.757	9	NTRWACGAN
M00925_2.00	HAP1	12.004	7.279	9	TCGGAGWTA
M00926_2.00	YLR278C	13.315	7.465	10	NCCGGAGTTN
M00927_2.00	STB4	12.057	8.930	10	NTTCGGATAN
M01513_2.00	AFT1	13.199	10.398	11	NCGGGTGCAAN
M01514_2.00	MBP1	7.315	14.275	10	NNNNACGCGT
M01515_2.00	XBP1	5.520	10.170	7	NNYTCGA
M01516_2.00	PHD1	9.490	10.090	9	TGATGCANG
M01517_2.00	SUM1	4.991	12.275	8	NAATAAWT
M01518_2.00	RTG3	10.463	16.248	12	NGCACGTGANNN
M01519_2.00	PHO4	8.484	11.306	9	CACGTGCNN
M01520_2.00	CBF1	15.262	3.475	9	CACGTGACC
M01521_2.00	TYE7	9.276	13.578	10	CATCACGTGA
M01522_2.00	YAP6	7.813	16.059	11	NAKGRGGAAAN
M01523_2.00	GCN4	8.416	13.430	10	NRTGACTCAN
M01524_2.00	YAP1	6.916	15.181	10	GMTTACTAAN
M01525_2.00	RPN4	5.694	16.575	10	NWWWWWWWWN
M01526_2.00	STP4	11.494	5.481	8	TRCGGCTG
M01527_2.00	NRG1	8.492	11.152	9	GGACCCTNN
M01528_2.00	MET32	11.729	5.576	8	CGCCACAG
M01529_2.00	MIG3	7.168	12.561	9	CCCCGCANN
M01530_2.00	COM2	5.482	14.772	9	CCCCTATTN
M01531_2.00	RPH1	13.953	11.680	12	YCCCCCCTAAWT
M01532_2.00	MIG1	7.737	13.917	10	NCCCCRCANN
M01533_2.00	MIG2	9.461	12.404	10	NNCCCCRCAN
M01534_2.00	YGR067C	7.702	14.490	10	NCCCCACNNN
M01535_2.00	STP2	6.659	14.937	10	NNACGGCNCN
M01536_2.00	SFP1	12.677	4.039	8	ATTTTTTC
M01537_2.00	TDA9	8.439	13.388	10	NNCCCCGCAN
M01538_2.00	USV1	10.414	6.957	8	GCCCCTGA
M01539_2.00	CMR3	9.724	12.199	10	TGATYTACGN
M01540_2.00	YPR015C	5.543	9.772	7	CTCCCCC
M01541_2.00	FKH1	7.730	14.923	10	NNGTAAACAA
M01542_2.00	FKH2	6.312	16.193	10	NNGTAAACAA
M01543_2.00	FHL1	7.024	12.833	9	NGACGCAAA
M01544_2.00	SRD1	8.002	11.784	9	GTAGATCYN
M01545_2.00	GLN3	8.480	6.363	7	AGATAAG
M01546_2.00	GAT1	6.870	10.719	8	NNGATAAG
M01547_2.00	GAT4	5.148	16.943	10	ANAGATCTNT
M01548_2.00	GZF3	5.869	12.097	8	NNGATAAG
M01549_2.00	GAT3	8.956	12.716	10	GTAGATCCNN
M01550_2.00	MATALPHA2	9.493	7.737	8	AAAACAAT
M01551_2.00	PHO2	7.940	12.030	9	NTAATWWAN
M01552_2.00	YOX1	5.852	9.912	7	TWAATTR
M01553_2.00	CUP9	9.866	12.590	10	ATGACACAWW
M01554_2.00	MGA1	5.604	16.053	10	NNNTTCTNTN
M01555_2.00	SKN7	6.788	15.111	10	NTGGCSATNN
M01556_2.00	SFL1	12.367	13.484	12	NTTTCTTCTATN
M01557_2.00	SMP1	15.210	1.874	8	TTAATAAA
M01558_2.00	MCM1	5.061	16.940	10	CNAAWNNGGA
M01559_2.00	TOD6	7.242	12.370	9	CTCATCGCN
M01560_2.00	DOT6	9.065	8.534	8	CTCATCGC
M01561_2.00	BAS1	13.562	2.667	8	TGACTCGG
M01562_2.00	TBF1	10.162	11.701	10	NNARCCCTAA
M01563_2.00	NDT80	8.264	14.300	10	TTTTTGTGTC
M01564_2.00	RAP1	8.321	14.325	10	GGGTGTACGG
M01565_2.00	NHP6B	4.581	17.558	10	NTWTWGTGGG
M01566_2.00	NHP6A	4.417	13.344	8	NYAYWAAN
M01567_2.00	SPT15	4.922	10.215	7	NNTATAW
M01568_2.00	TEC1	9.723	12.102	10	NCGRGAATGT
M01569_2.00	STB3	10.328	12.101	10	AATTTTTCAN
M01570_2.00	OAF1	11.568	7.833	9	TCGGAGTTA
M01571_2.00	TBS1	6.903	12.437	9	GCGGATCCN
M01572_2.00	ERT1	7.433	12.194	9	NNCGGAANN
M01573_2.00	RDS1	6.952	14.620	10	NGCGGNTNAN
M01574_2.00	LYS14	6.191	14.073	9	NCGGAATTN
M01575_2.00	UME6	7.513	12.210	9	GGCGGCWAN
M01576_2.00	RSC3	5.343	15.801	10	NNNNCSCGNN
M01577_2.00	ARO80	6.768	12.379	9	NTCGGNANN
M01578_2.00	URC2	3.273	18.731	10	NNCGGAGATA
M01579_2.00	PDR1	13.100	10.488	11	TTCCGGAAYAA
M01580_2.00	RSC30	5.679	13.589	9	NNGCGGGNN
M01581_2.00	ASG1	6.161	11.091	8	NCGGAWNN
M01582_2.00	SIP4	2.827	18.931	10	NNNNNCGGAA
M01583_2.00	GSM1	7.176	14.185	10	NCGGAGNTNN
M01584_2.00	PUT3	6.942	12.591	9	NNCGGRAAA
M01585_2.00	RGT1	8.714	13.547	10	YCGGAANAWT
M01586_2.00	YKL222C	6.292	13.464	9	NACGGANNT
M01587_2.00	YLL054C	5.948	13.211	9	NNCGGANNN
M01588_2.00	CHA4	6.641	13.113	9	NGCGGANNN
M01589_2.00	ECM22	5.446	11.848	8	NNNCGGAN
M01590_2.00	LEU3	6.537	13.178	9	ACCGGNNTN
M01591_2.00	CEP3	14.381	1.904	8	YTCGGAAA
M01592_2.00	YNR063W	5.769	16.736	10	NTCGGAGATN
M01593_2.00	HAL9	6.096	11.225	8	NCGGAANN
M01594_2.00	YRR1	5.999	16.557	10	ACGGAAATAA
M01595_2.00	YRM1	12.297	16.577	13	NACGGAAATAANN
M01596_2.00	TEA1	6.339	15.661	10	GCGGANATTA
M01597_2.00	RDR1	7.417	10.071	8	GCGGAWNN
M01598_2.00	RDS2	6.612	15.257	10	NNTCGGRNNN
M01599_2.00	GAL4	7.229	7.572	7	NTCGGAG
M01600_2.00	SUT2	9.658	12.101	10	NTCGGASTTN
M01601_2.00	YPR196W	14.623	2.017	8	CGGARAAA
M02189_2.00	MATALPHA2	3.297	14.211	8	NTNACANN
M02190_2.00	PHO2	4.560	17.216	10	NNTATATTAN
M02191_2.00	YHP1	7.093	12.869	9	TWAATTRNN
M02192_2.00	TOS8	10.292	13.214	11	NTTTGACGTMA
M07432_2.00	ABF1	13.765	20.255	16	NTRTCAYTNTNTACGR
M07433_2.00	AFT2	11.888	4.491	8	GGGGTGTG
M07434_2.00	MBP1	8.298	6.719	7	NWCGCGT
M07435_2.00	SWI4	12.905	4.070	8	ACGCGAAA
M07436_2.00	XBP1	9.557	5.068	7	CTCGARN
M07437_2.00	PHD1	9.546	11.979	10	ASMTGCAGCN
M07438_2.00	SOK2	10.335	14.022	11	NNCMTGCAKGT
M07439_2.00	SUM1	10.658	8.756	9	AAAAATTTT
M07440_2.00	CBF1	13.365	3.529	8	TCACGTGC
M07441_2.00	TYE7	12.599	2.199	7	TCACGTG
M07442_2.00	HAC1	12.055	4.399	8	CACGTGTC
M07443_2.00	YAP3	13.192	3.612	8	TACGTAAT
M07444_2.00	CST6	12.795	6.405	9	ATGACGTAA
M07445_2.00	CIN5	13.092	8.551	10	TTACGTAAKC
M07446_2.00	REI1	12.141	2.489	7	CCCCTGA
M07447_2.00	RPN4	12.135	2.272	7	CGCCACC
M07448_2.00	STP4	12.696	6.314	9	TGCGCTATC
M07449_2.00	GIS1	10.983	8.005	9	ACCCCTAAN
M07450_2.00	SWI5	11.993	4.644	8	TGCTGGTT
M07451_2.00	ADR1	9.337	5.528	7	ACCCCAC
M07452_2.00	MET32	10.433	4.808	7	CGCCACA
M07453_2.00	MIG3	9.939	4.971	7	CCCCRCA
M07454_2.00	COM2	12.209	6.597	9	ACCCCTATN
M07455_2.00	RPH1	12.619	4.246	8	ACCCCTAA
M07456_2.00	MIG1	9.863	4.856	7	CCCCCRC
M07457_2.00	MIG2	10.025	4.810	7	CCCCRCA
M07458_2.00	FZF1	12.000	0.000	6	CTATCA
M07459_2.00	YGR067C	10.963	17.741	14	ACCCCACNNNNNNN
M07460_2.00	RIM101	12.587	1.679	7	CTTGGCR
M07461_2.00	RSF2	11.809	7.595	9	TTCCCCGCA
M07462_2.00	MSN4	9.429	0.719	5	CCCCT
M07463_2.00	ACE2	10.311	4.481	7	TGCTGGT
M07464_2.00	STP3	12.005	6.836	9	GCTAGCGCA
M07465_2.00	TDA9	11.370	7.106	9	NCCCCGCWC
M07466_2.00	MSN2	8.894	1.235	5	CCCCT
M07467_2.00	RGM1	9.250	1.008	5	CCCCT
M07468_2.00	CRZ1	9.551	9.683	9	CNAMGCCAC
M07469_2.00	AZF1	13.050	6.475	9	TTTCTTTTT
M07470_2.00	MET31	12.231	6.650	9	CGCCACANY
M07471_2.00	CMR3	11.561	7.151	9	TGATYTACR
M07472_2.00	YPR022C	11.061	3.235	7	CCCCACN
M07473_2.00	HCM1	10.235	7.170	8	ATAAACAA
M07474_2.00	FKH2	13.569	0.554	7	GTAAACA
M07475_2.00	FHL1	12.418	4.397	8	GACGCAAA
M07476_2.00	SRD1	9.942	7.674	8	AGATCTAC
M07477_2.00	GLN3	7.988	2.139	5	GATAA
M07478_2.00	GAT1	12.349	4.383	8	CYGATAAG
M07479_2.00	GAT4	10.858	12.441	11	ANAGATCTANN
M07480_2.00	GZF3	10.889	5.781	8	YGATAASA
M07481_2.00	DAL80	11.816	3.015	7	CGATAAG
M07482_2.00	GAT3	9.320	10.529	9	AGATCTANN
M07483_2.00	ECM23	9.271	14.504	11	NNAGATCTNNN
M07484_2.00	HMRA2	11.783	5.292	8	CRTGTAAW
M07485_2.00	PHO2	7.728	4.558	6	WTAWTW
M07486_2.00	TOS8	11.259	5.707	8	TTTGACAG
M07487_2.00	YOX1	12.357	4.394	8	TTAATTAA
M07488_2.00	CUP9	12.214	7.169	9	TGACACAWW
M07489_2.00	HSF1	11.278	5.906	8	TGTTCCAT
M07490_2.00	SKN7	8.305	4.044	6	GGCCRN
M07491_2.00	REB1	14.234	4.362	9	GTTACCCKG
M07492_2.00	TBF1	10.227	7.197	8	ARCCCTAA
M07493_2.00	RAP1	14.288	7.334	10	TGTATGGGTG
M07494_2.00	RFX1	11.952	4.713	8	GGTTGCYA
M07495_2.00	MOT2	9.763	0.426	5	ATATA
M07496_2.00	NHP10	12.935	4.139	8	TCCCCGGC
M07497_2.00	ABF2	11.391	3.335	7	TCTAGAG
M07498_2.00	ROX1	16.693	8.057	12	YCCATTGTTCTC
M07499_2.00	TEC1	11.625	5.239	8	GGGAATGT
M07500_2.00	DAL82	10.692	8.659	9	AAWGTGCGC
M07501_2.00	OAF1	11.798	7.654	9	TCGGRGATA
M07502_2.00	EDS1	12.254	6.801	9	CGGAAAAAT
M07503_2.00	TBS1	11.783	6.166	8	CGGATCCG
M07504_2.00	ERT1	12.166	4.565	8	AYCGGAAC
M07505_2.00	RDS1	10.580	4.237	7	CGGCCGN
M07506_2.00	UGA3	11.866	4.978	8	CGGCGGGA
M07507_2.00	LYS14	12.628	4.457	8	CCGGAATT
M07508_2.00	UPC2	9.487	5.316	7	TAWACGA
M07509_2.00	RSC3	8.780	6.022	7	NCGCGCG
M07510_2.00	URC2	12.451	8.594	10	CCGGAGWTAA
M07511_2.00	TOG1	10.159	6.750	8	CTCCGGAA
M07512_2.00	PDR1	11.550	5.988	8	TCCGCGGA
M07513_2.00	RSC30	10.948	5.944	8	CSCGCGCG
M07514_2.00	STB5	10.033	6.986	8	CGGNGTTA
M07515_2.00	ASG1	9.342	2.904	6	CCGGAW
M07516_2.00	SIP4	9.229	5.317	7	TCCGGAG
M07517_2.00	PUT3	11.714	5.476	8	CCCGGGAA
M07518_2.00	RGT1	11.190	12.212	11	NCGGAAAAWNT
M07519_2.00	YKL222C	12.016	7.467	9	AACGGARAT
M07520_2.00	YLL054C	9.742	5.440	7	CGGCCGA
M07521_2.00	CHA4	11.907	4.764	8	GGCGGAGA
M07522_2.00	ECM22	10.216	4.649	7	TCCGGAG
M07523_2.00	HAP1	11.312	5.879	8	CGGAGWTA
M07524_2.00	PDR8	13.137	3.736	8	RCGGAGAT
M07525_2.00	YLR278C	11.604	5.417	8	CCGGAGTT
M07526_2.00	LEU3	12.562	7.732	10	CCKKTASCGG
M07527_2.00	STB4	11.775	2.610	7	YTCGGAA
M07528_2.00	CEP3	12.551	4.365	8	YTCGGAAA
M07529_2.00	CAT8	9.084	3.217	6	CCGGAN
M07530_2.00	YNR063W	12.875	4.054	8	TCGGAGAT
M07531_2.00	HAL9	9.047	0.953	5	CGGAR
M07532_2.00	YRR1	12.154	12.041	11	RCGGANATAAG
M07533_2.00	YRM1	12.060	5.357	8	ACGGAAAT
M07534_2.00	TEA1	10.155	6.676	8	GCGSRCAT
M07535_2.00	RDR1	12.585	4.043	8	TGCGGAAC
M07536_2.00	RDS2	10.968	3.820	7	CTCGGGG
M07537_2.00	YPR196W	10.852	8.371	9	CGGAGAAAT
M07547_2.00	PHD1	35.552	25.111	28	CCACACCCACACACCACACCCACACCCA
M07548_2.00	PHD1	9.138	2.862	6	MTGCRC
M07549_2.00	PHD1	20.278	2.120	11	TAGCCGCCGAG
M07553_2.00	REB1	13.979	9.620	11	TGTTACCCGGM
M07554_2.00	REB1	27.390	17.150	21	CACCACWCCCACACACCMWMC
M07555_2.00	REB1	36.588	5.705	21	TCTCACATTCCACTCCAYGGC
M07556_2.00	RAP1	14.435	9.648	11	RTGTRTGGGTG
M07557_2.00	RAP1	20.443	2.150	11	GTGTGKGTGTG
M07558_2.00	RAP1	19.800	3.387	11	GGTGTGGTGTG
M07559_2.00	GAL4	9.676	7.096	8	GGAASACT
M07560_2.00	GAL4	20.163	1.837	11	GGGAAAGGGTC
M07561_2.00	GAL4	14.000	0.000	7	AGAACAA
M08405_2.00	INO2	14.409	5.186	9	TTCACATGC
M08406_2.00	INO4	14.555	4.791	9	TTCACATGC
M08408_2.00	MET28	12.000	0.000	6	CCACAG
M08409_2.00	YAP5	8.775	3.518	6	ARRCAT
M08410_2.00	ARR1	9.893	7.013	8	ATTCARRT
M08414_2.00	STP1	11.098	5.447	8	YGCGGCKC
M08415_2.00	RME1	11.456	10.100	10	TTCCTTTGGA
M08416_2.00	ZAP1	22.962	7.968	15	ACCYTMAAGGTCATG
M08417_2.00	MOT3	9.415	2.585	6	TRCCTN
M08419_2.00	ASH1	12.399	9.267	10	CCYGATCCGG
M08422_2.00	HMRA1	13.000	1.000	7	RCACAAT
M08423_2.00	YHP1	12.000	0.000	6	TAATTG
M08426_2.00	ARG80	9.250	2.908	6	WGACKC
M08429_2.00	IXR1	21.595	9.377	15	CMCCGCTYCCGGCTT
M08432_2.00	SPT2	11.683	8.788	10	WATTAAAKAR
M08433_2.00	OPI1	10.795	3.664	7	CGGTTCG
M08434_2.00	IME1	14.126	2.169	8	CTCGGCGG
M08435_2.00	SPT23	10.629	6.249	8	RAAATCAA
M08436_2.00	MET4	13.898	2.200	8	AACTGTGG
M08437_2.00	GCR2	10.879	3.850	7	GCTTCCN
M08438_2.00	PDR3	16.000	0.000	8	TCCGCGGA
M08439_2.00	SUT1	8.654	6.509	7	CGCGGGG
M08440_2.00	DAL81	38.000	0.000	19	AAAAGCCGCGGGCGGGATT
M08441_2.00	ARG81	12.262	4.344	8	GTGACTCN
M08442_2.00	CAD1	16.612	4.338	10	GMTTACTAAT
M08443_2.00	SKO1	14.704	1.429	8	ACGTAWTG
M08444_2.00	YAP7	15.274	8.248	11	TGMTTACTAAT
M08452_2.00	HAP2	8.509	1.779	5	TTGGY
M08453_2.00	CUP2	15.923	6.358	11	CWTTTYTGCTG
M08454_2.00	MAC1	13.849	2.771	8	TTTGCTCR
M08456_2.00	GCR1	12.357	4.470	8	GGCTTCCA
M08458_2.00	MCM1	14.260	12.195	12	TTCCYAAWTGGG
M08459_2.00	RLM1	21.675	15.378	18	NGTTCTAWWWATAGAYYN
M08460_2.00	NSI1	17.208	3.684	10	TTTACCCGGM
M08463_2.00	STE12	11.189	3.689	7	TGTTTCA
M08464_2.00	HAP3	17.454	14.483	15	TCTGATTGGYYCARA
M08465_2.00	SNT2	18.585	4.269	11	CGGCGCTAYCA
M08466_2.00	HAP5	15.857	16.608	15	RCCAATCAGATCCSA
M08467_2.00	THI2	22.457	8.370	15	GGMAACYSTAAGARC
M08468_2.00	UME6	20.510	6.710	13	TCGGCGGCTAWWT
M08469_2.00	ABF1	13.300	24.740	18	NNRTCAYTNNNNACGRNN
M08470_2.00	AFT1	9.753	5.998	7	RGGTGCA
M08471_2.00	AFT2	8.296	5.489	6	GGGTGY
M08472_2.00	MBP1	8.260	6.804	7	NACGCGT
M08473_2.00	SWI4	12.892	4.064	8	ACGCGAAA
M08474_2.00	XBP1	13.381	12.738	12	GCCTCGARGMGR
M08475_2.00	PHD1	8.838	9.051	8	SCTGCAGG
M08476_2.00	PHD1	9.500	12.127	10	ASMTGCAGCN
M08477_2.00	SOK2	8.565	9.465	8	TTCCTGCA
M08478_2.00	SUM1	11.145	13.987	11	GYGWCASWAAA
M08479_2.00	SUM1	10.653	8.760	9	AAAAATTTT
M08480_2.00	RTG3	10.286	14.488	11	NATGACTCATC
M08481_2.00	RTG3	8.113	10.307	8	NGTGACCG
M08482_2.00	RTG3	16.797	27.045	20	ATATTAGCACGTGCTTANTC
M08483_2.00	INO2	14.046	5.892	9	TTCACATGC
M08484_2.00	PHO4	10.749	6.685	8	SCACGTGT
M08485_2.00	CBF1	8.084	9.818	8	TCACGTGN
M08486_2.00	RTG1	8.565	16.635	11	TATCACTCATN
M08487_2.00	RTG1	7.252	11.300	8	AGTGACCG
M08488_2.00	HMS1	7.227	10.982	8	NCACGTMG
M08489_2.00	TYE7	13.051	7.280	9	ATCACGTGA
M08490_2.00	YAP6	11.441	6.181	8	TTATGTAA
M08491_2.00	CAD1	12.712	4.283	8	TTACGTAA
M08492_2.00	CAD1	14.481	7.824	10	GCTTACTAAT
M08493_2.00	GCN4	12.414	4.619	8	RTGACTCA
M08494_2.00	ACA1	14.163	1.837	8	TGACGTAA
M08495_2.00	HAC1	13.960	12.586	12	AGGACACGTATG
M08496_2.00	HAC1	11.938	10.985	11	RACACGCTGNC
M08497_2.00	YAP3	12.646	4.498	8	TTACSTAA
M08498_2.00	YAP3	13.146	1.952	7	TTACTAA
M08499_2.00	CST6	12.761	6.487	9	ATGACGTAA
M08500_2.00	YAP5	13.552	9.808	11	ATTATTAATTN
M08501_2.00	YAP1	11.793	5.470	8	TTACGTAA
M08502_2.00	YAP1	14.591	11.571	12	GMTKACTAATAG
M08503_2.00	SKO1	9.627	8.557	8	AATGACGT
M08504_2.00	YAP7	11.168	6.229	8	TKACGTRA
M08505_2.00	YAP7	13.463	12.139	12	NATTASTMAGCA
M08506_2.00	CIN5	9.866	7.127	8	TAATTAYG
M08507_2.00	CIN5	11.394	6.788	8	TTACGTAA
M08508_2.00	ARR1	10.254	6.948	8	ATTYAAAT
M08509_2.00	NRG2	9.914	7.068	8	GGACCCTK
M08510_2.00	REI1	12.163	2.465	7	CCCCTGA
M08511_2.00	RPN4	14.036	11.454	12	NNNGGTGGCRAA
M08512_2.00	STP4	12.643	6.525	9	TGCGCTATC
M08513_2.00	NRG1	10.634	4.973	7	GGACCCT
M08514_2.00	NRG1	10.955	4.695	7	TGTGCCT
M08515_2.00	GIS1	10.982	8.014	9	ACCCCTAAN
M08516_2.00	SWI5	12.015	4.614	8	TGCTGGTT
M08517_2.00	ADR1	9.325	5.563	7	ACCCCAC
M08518_2.00	MET32	9.155	8.650	8	GTGCCACA
M08519_2.00	STP1	10.560	6.134	8	TGCGGCKN
M08520_2.00	MIG3	9.939	4.968	7	CCCCRCA
M08521_2.00	COM2	12.224	6.559	9	NCCCCTATN
M08522_2.00	RPH1	12.607	4.267	8	ACCCCTAA
M08523_2.00	MIG1	9.878	4.839	7	CCCCCRC
M08524_2.00	MIG1	13.165	8.090	10	CCCCRSWWWW
M08525_2.00	MIG2	10.022	4.826	7	CCCCRCA
M08526_2.00	FZF1	46.000	0.000	23	CGTATCGTATAAGGCAACAATAG
M08527_2.00	RME1	18.554	3.738	11	TTTTGAGGTAC
M08528_2.00	YGR067C	10.971	17.751	14	ACCCCACNNNNNNN
M08529_2.00	RIM101	13.146	1.952	7	TGCCAAG
M08530_2.00	STP2	14.792	28.556	20	NNGNCGTRCGGCGCCGNTNA
M08531_2.00	ZAP1	19.838	2.552	11	ACCCTAAAGGT
M08532_2.00	RSF2	11.810	7.592	9	TTCCCCGCA
M08533_2.00	MSN4	9.323	1.016	5	CCCCT
M08534_2.00	ACE2	9.939	7.395	8	TGCTGGTC
M08535_2.00	STP3	11.965	7.023	9	GCTAGCGCA
M08536_2.00	SFP1	17.322	29.529	21	ANNNAAAAAAWTTTTYYNCGG
M08537_2.00	TDA9	18.018	27.709	21	NYGTANTACCCCGCANTTNNG
M08538_2.00	MSN2	6.105	8.727	7	NCYCCTT
M08539_2.00	MOT3	8.847	3.937	6	TRCCTN
M08540_2.00	RGM1	9.207	1.149	5	CCCCT
M08541_2.00	CRZ1	9.524	9.745	9	CNAMGCCAC
M08542_2.00	AZF1	13.088	6.455	9	TTTCTTTTT
M08543_2.00	MET31	9.029	8.428	8	CCACAGTG
M08544_2.00	USV1	9.281	0.896	5	CCCCT
M08545_2.00	CMR3	18.059	24.658	20	NNNAAYGTAAATCACWTTNN
M08546_2.00	YPR015C	19.715	23.377	20	TNAAGACGTAAATCCTTACN
M08547_2.00	YPR022C	11.074	3.227	7	CCCCACN
M08548_2.00	PZF1	28.000	0.000	14	TGTAGTGGGTGACC
M08549_2.00	CUP2	20.000	0.000	10	TCTTTTGCTG
M08550_2.00	CUP2	22.000	0.000	11	TCTTTTTGCTG
M08551_2.00	CUP2	24.000	0.000	12	TCTTTTTTGCTG
M08552_2.00	MAC1	13.846	2.775	8	TTTGCTCR
M08553_2.00	HAA1	9.000	3.000	6	SMGGSG
M08554_2.00	HCM1	10.283	7.101	8	ATAAACAA
M08555_2.00	FKH1	12.338	13.193	12	NNGTAAACAAGN
M08556_2.00	FKH2	18.177	25.181	20	NNNAAAGTAAACAAAGANGN
M08557_2.00	FHL1	15.547	28.148	20	AAAATNGACGCAAWTNNGTT
M08558_2.00	SRD1	9.947	7.685	8	AGATCTAC
M08559_2.00	GLN3	7.986	2.192	5	GATAA
M08560_2.00	GAT1	11.180	5.871	8	TTTGATWA
M08561_2.00	GAT4	10.761	12.731	11	ANAGATCTANN
M08562_2.00	GZF3	11.268	1.673	6	GATAAG
M08563_2.00	ASH1	9.000	1.000	5	YTGAT
M08564_2.00	DAL80	8.964	8.251	8	CNCGATAT
M08565_2.00	GAT3	9.284	10.615	9	AGATCTANN
M08566_2.00	ECM23	9.307	14.489	11	NNAGATCTNNN
M08567_2.00	MSN1	10.254	7.362	8	GTCCNAAT
M08568_2.00	MSN1	10.284	7.393	8	AATGTCCT
M08569_2.00	GCR1	10.418	4.499	7	GCTTCCW
M08570_2.00	MATALPHA2	6.982	5.947	6	ACAYGW
M08571_2.00	HMRA2	11.801	5.268	8	CRTGTAAW
M08572_2.00	PHO2	7.725	4.641	6	WTAWTW
M08573_2.00	YHP1	9.024	8.548	8	WGTAATTR
M08574_2.00	TOS8	11.251	5.698	8	TTTGACAG
M08575_2.00	YOX1	12.346	4.422	8	TTAATTAA
M08576_2.00	CUP9	12.145	7.252	9	TGACACAWW
M08577_2.00	HSF1	12.660	5.132	8	TTCTAGAA
M08578_2.00	HSF1	12.188	16.850	13	GAANNTTNTAGAA
M08579_2.00	HSF1	11.345	5.821	8	TGTTCCAT
M08580_2.00	HSF1	17.723	13.307	14	RGAATNTTCTAGAA
M08581_2.00	MGA1	15.800	29.846	21	NTTNGARTGTTCTATANTNCT
M08582_2.00	SKN7	8.707	11.589	9	GCCNGGSCC
M08583_2.00	SKN7	8.274	4.174	6	GGCCRN
M08584_2.00	HMS2	16.914	3.215	10	WGAAGGAAAK
M08585_2.00	SFL1	15.024	2.231	8	GAAGCTTC
M08586_2.00	SFL1	15.340	31.092	21	WWWTATTTCTTCTATTNTNTA
M08587_2.00	SMP1	14.599	32.698	21	TTACCTWTAATTAWATNAGCN
M08588_2.00	ARG80	9.207	26.028	16	NNNCCTNGTGCGGAAA
M08589_2.00	MCM1	15.384	29.340	20	TNTTTCCCAATTCGGAAATN
M08590_2.00	RLM1	13.340	7.883	10	CTAWWAWTAG
M08591_2.00	MATALPHA1	28.500	18.132	22	TTTCCTAATTAGTNCATCAATG
M08592_2.00	TOD6	17.461	28.150	21	AGGNACASCTCATCGCGTTNN
M08593_2.00	REB1	16.487	11.482	13	RTTACCCGGMYTN
M08594_2.00	NSI1	11.983	0.064	6	ACCCGG
M08595_2.00	DOT6	16.893	28.740	21	TNNTGCASCTCATCGCNTCCT
M08596_2.00	BAS1	11.229	1.563	6	TGACTC
M08597_2.00	TBF1	16.086	16.186	15	GAYCAACCCTAACGG
M08598_2.00	NDT80	10.618	12.101	10	NTTTGTGTCG
M08599_2.00	RAP1	15.371	13.134	13	GRTGTATGGGTGT
M08600_2.00	RFX1	16.865	19.550	16	CGTTGCCATGGCAACC
M08601_2.00	RFX1	11.979	4.676	8	GGTTGCYA
M08602_2.00	MOT2	9.612	0.863	5	ATATA
M08603_2.00	NHP6B	12.735	31.937	20	TNTATTWATATATWAWANNN
M08604_2.00	NHP10	12.990	4.080	8	TCCCCGGC
M08605_2.00	ABF2	11.427	3.283	7	TCTAGAG
M08606_2.00	NHP6A	14.690	31.800	21	NNATTTTTATATATAGNTNAN
M08607_2.00	ROX1	9.911	7.427	8	CTATTGTN
M08608_2.00	STE12	10.267	5.905	7	TGTTTCA
M08609_2.00	SPT15	18.821	27.358	21	NTCSAATATATATANCTANNC
M08610_2.00	TEC1	16.060	26.999	20	TNNNTCRRGAATGTTGGTTN
M08611_2.00	KAR4	19.038	14.475	16	AMAACAAAAACTGGYT
M08612_2.00	FYV5	14.000	26.000	20	ATATNNNNNNNNNNNNNACA
M08613_2.00	PDC2	18.045	4.511	11	WWTATATGTAT
M08614_2.00	STB3	20.121	26.110	21	GTCCAAAWTTTTTCACTNNNN
M08615_2.00	HEL2	13.876	4.709	9	TTGGATCGT
M08616_2.00	SNF1	10.130	4.857	7	TTTCTTT
M08617_2.00	JHD1	10.828	1.620	6	TTCGAA
M08618_2.00	ARG5,6	14.096	8.279	11	GCTMAAMGGCK
M08619_2.00	FLO8	10.000	0.000	5	GCAAA
M08620_2.00	SPT2	12.143	4.678	8	GAAATGAA
M08621_2.00	OTU1	10.228	4.351	7	AAATAAA
M08622_2.00	SNT2	20.036	11.693	15	RNACGGCGCTATCAW
M08623_2.00	GTS1	9.974	2.578	6	TTGGTA
M08624_2.00	IME4	10.483	6.424	8	TTWTCMTT
M08625_2.00	SPT10	18.823	13.618	15	WCTATCWGCTGATCG
M08626_2.00	SPT23	10.874	6.304	8	RAAATCAA
M08627_2.00	HAP4	13.828	18.618	15	TNNNNTYTGATTGGT
M08628_2.00	ORC1	23.198	13.067	17	AACWAAACATAAAAAAA
M08629_2.00	WAR1	12.000	46.000	29	CCGNNNNNNNNNNNNNNNNNNNNNNNCGG
M08630_2.00	DAT1	20.000	2.000	11	AAAAANAAAAA
M08631_2.00	STB2	11.784	5.287	8	CGGGTAAA
M08632_2.00	RCO1	8.273	6.042	7	ARYYTGT
M08633_2.00	MSS11	10.000	0.000	5	GCAAA
M08634_2.00	THO2	16.454	9.271	12	AAAGAAGAAAAT
M08635_2.00	DAL82	10.931	11.054	10	AAAAWTGYGC
M08636_2.00	WTM1	20.917	14.333	17	ATAWTAATATTACMAWT
M08637_2.00	UME1	12.319	8.522	10	GAAATSAARA
M08638_2.00	SMK1	20.462	20.681	19	TCAACTCTGARGCTKGCTW
M08639_2.00	SUA7	13.137	7.589	10	ATAGCSCCCC
M08640_2.00	VHR1	16.000	16.000	16	TCANNNNNNNNTGATT
M08641_2.00	OAF1	12.202	41.260	24	TCGGCGCCTTCTCGCSNGCACCGA
M08642_2.00	PDR3	6.669	6.468	6	CGCGGA
M08643_2.00	PDR3	8.476	9.949	8	TCTGCGGN
M08644_2.00	EDS1	12.225	6.832	9	CGGAAAAAT
M08645_2.00	TBS1	11.744	6.201	8	CGGATCCG
M08646_2.00	ERT1	12.154	4.586	8	AYCGGAAC
M08647_2.00	THI2	10.522	34.163	20	GCGGGTNTTTTGNACNCCGT
M08648_2.00	RDS1	10.597	4.246	7	CGGCCGN
M08649_2.00	UGA3	11.824	5.031	8	CGGCGGGA
M08650_2.00	UGA3	11.268	9.673	10	CCGNNNNCGG
M08651_2.00	LYS14	19.374	12.073	15	WWTTCCRGCGGAATT
M08652_2.00	LYS14	18.283	24.683	20	AGCGCMCGGAATTTTGNGNN
M08653_2.00	UME6	10.734	8.611	9	CCGCGGYWA
M08654_2.00	UPC2	9.477	5.389	7	TAWACGA
M08655_2.00	RSC3	8.708	6.216	7	NCGCGCG
M08656_2.00	ARO80	11.363	18.073	13	CGGTWATTNTCGG
M08657_2.00	ARO80	30.000	22.000	26	CGGYWANNNNCGGYWANNNNCGGYWA
M08658_2.00	ARO80	14.369	30.960	21	GNNAATTCTCGGCAAGTANNN
M08659_2.00	URC2	12.389	8.815	10	CCGGAGWTAA
M08660_2.00	TOG1	10.158	6.740	8	CTCCGGAA
M08661_2.00	PDR1	11.533	5.990	8	TCCGCGGA
M08662_2.00	SUT1	7.344	8.013	7	CGCGGGG
M08663_2.00	RSC30	17.705	29.109	21	CCCNNCGCGCGCGCGGTMSAC
M08664_2.00	STB5	8.396	9.094	8	CGGTGTTA
M08665_2.00	STB5	8.460	9.362	8	TCNGCGGG
M08666_2.00	ASG1	9.263	3.125	6	CCGGAW
M08667_2.00	ASG1	17.035	19.040	16	CCGGAWCTCGGCCGGG
M08668_2.00	DAL81	21.000	17.925	18	GTCGGCTCTAAGGCCGAC
M08669_2.00	SIP4	13.005	16.220	13	TCGGCYTAATGGA
M08670_2.00	SIP4	9.246	5.311	7	TCCGGAG
M08671_2.00	GSM1	16.899	28.721	21	NNTACTCCGGAGTTWNNTNAN
M08672_2.00	PUT3	13.313	23.044	16	CGGGATKGGCTTCCCG
M08673_2.00	RGT1	16.746	26.335	20	NTCNNCCGGAAAAAYTTNNA
M08674_2.00	YKL222C	15.311	29.867	21	NNNNNAACGGARATAAGNCNN
M08675_2.00	YLL054C	9.727	5.459	7	CGGCCGA
M08676_2.00	YLL054C	12.197	26.029	18	TCCGNNNNNNNNNACGGA
M08677_2.00	PPR1	16.114	15.123	14	TCGGMGAATGCCGA
M08678_2.00	CHA4	16.385	29.530	21	CNNNNCGGCGGAGWTACNCCN
M08679_2.00	ECM22	16.784	22.497	18	NTCCGGGTNGMCGGAANT
M08680_2.00	HAP1	14.299	10.049	11	GGAAATATCGG
M08681_2.00	PDR8	14.415	1.585	8	TCCNCGGA
M08682_2.00	PDR8	13.155	3.709	8	RCGGAGAT
M08683_2.00	YLR278C	11.584	5.423	8	CCGGAGTT
M08684_2.00	LEU3	9.260	12.339	10	CCGGTACCGG
M08685_2.00	ARG81	9.984	10.615	9	CGGTATCGG
M08686_2.00	STB4	11.789	2.605	7	YTCGGAA
M08687_2.00	CEP3	12.586	4.329	8	YTCGGAAA
M08688_2.00	CAT8	10.140	20.819	14	NCGGACNAANGGAN
M08689_2.00	YNR063W	16.087	27.040	20	NCGNNCTCGGAGATTTNNNG
M08690_2.00	HAL9	12.411	25.956	18	TCCGNNNNNNNNNGCGGA
M08691_2.00	YRR1	12.221	11.962	11	RCGGANATAAG
M08692_2.00	YRM1	14.962	32.244	21	CANNCRCGGAAATAAGNCGGT
M08693_2.00	TEA1	25.012	18.690	20	ATCTGCGGAAATTAAWTACC
M08694_2.00	RDR1	15.348	5.650	10	TTCCGCGGAA
M08695_2.00	RDR1	14.588	31.038	21	TNNGNCNTGCGGATATNNNTC
M08696_2.00	RDS2	18.415	9.585	14	NCGGMTNAANGGRN
M08697_2.00	RDS2	15.706	30.093	21	ANNNCCTCGGRTTTTCNNNAT
M08698_2.00	GAL4	14.574	23.440	17	CGGAGGACTCTNGNCCG
M08699_2.00	SUT2	17.052	25.582	20	NNNNTTTCGGAGTTTATNNN
M08700_2.00	YPR196W	14.782	31.864	21	AATNNTCGGAGAAWTTNANNT
M09482_2.00	PHO4	15.216	9.885	12	AASCACGTGTGN
M09483_2.00	CBF1	14.272	7.372	10	TCACGTGAYN
M09583_2.00	PHO2	13.701	8.788	10	CCCACGTGCT
M09695_2.00	ABF1	19.121	27.874	22	NCATRTCAYTATANACGAAANT
M09698_2.00	ABF1	15.912	15.766	15	NATCAYTATAAACGW
M09896_2.00	PHO4	13.530	10.970	12	TASCACGTKGGN
M10055_2.00	GCN4	20.718	37.153	27	CCASNGCCNRTGACTCATCSANNGCNN
M10056_2.00	GCN4	13.917	6.431	10	NAATGACTCA
M10388_2.00	ADR1	8.085	4.243	6	MCYCCA
M10391_2.00	MIG1	18.335	17.553	17	TWCCCCRSATWWWWTTM
M10606_2.00	GCR1	13.416	5.072	9	GGCTTCCWC
M10791_2.00	MATALPHA2	9.318	12.855	10	TWTTACATGA
M10795_2.00	HMRA1	13.668	7.745	10	TGATGTAAAT
M10874_2.00	HSF1	18.610	14.268	15	AGAACAGAACAGAAC
M10875_2.00	HSF1	18.610	14.268	15	AGAACGTTCTGTTCT
M10876_2.00	HSF1	18.610	14.268	15	AGAACGTTCTAGAAC
M10877_2.00	HSF1	18.610	14.268	15	GTTCTGTTCTAGAAC
M10990_2.00	MCM1	16.520	17.788	16	TTTCCYAAWCNGGTAA
M11215_2.00	RAP1	18.891	10.770	14	GRTGTATGGGTKTT
M11453_2.00	CAR1	17.165	19.428	17	GCYTTCGGCGGCTANTN
M11487_2.00	GAL4	22.228	27.379	23	GYTCGGASGACWGTSCTCCGATG
M11488_2.00	GAL4	22.020	25.043	22	CGYTCGGAGGACAGTGCTCCGA
