Motif_ID	Motif_Name	Information_Content	Shannon_Entropy	Length	Consensus	DBID
M00001_2.00	ABF1	15.21	1.874	8	TTATCACT	YKL112W
M00002_2.00	AFT2	7.829	13.994	10	NGGGTGTNNN	YPL202C
M00003_2.00	MBP1	10.704	6.334	8	GACGCGTA	YDL056W
M00004_2.00	SWI4	11.038	6.441	8	GACGCGAA	YER111C
M00005_2.00	XBP1	11.143	5.838	8	TCTCGAAG	YIL101C
M00006_2.00	PHD1	12.83	3.84	8	GMTGCAGG	YKL043W
M00007_2.00	SOK2	12.799	10.655	11	ACCTGCAKGCN	YMR016C
M00008_2.00	SUM1	3.228	12.196	7	NNAAATT	YDR310C
M00009_2.00	PHO4	13.877	6.959	10	NCCACGTGCN	YFR034C
M00010_2.00	CBF1	11.384	12.353	11	NGCACGTGACN	YJR060W
M00011_2.00	TYE7	13.919	2.425	8	ATCACGTG	YOR344C
M00012_2.00	HAC1	8.357	14.0	10	AGGMCACGTN	YFL031W
M00013_2.00	YAP3	12.089	9.183	10	NATTACKWAA	YHL009C
M00014_2.00	CST6	12.548	4.054	8	ATGACGTA	YIL036W
M00015_2.00	CIN5	11.468	11.398	10	GMTTACGTAA	YOR028C
M00016_2.00	REI1	10.722	6.599	8	GCCCCTGA	YBR267W
M00017_2.00	RPN4	13.493	7.144	10	NTCGCCACCN	YDL020C
M00018_2.00	STP4	5.086	14.882	9	AACTCTAGN	YDL048C
M00019_2.00	GIS1	10.249	11.513	10	ACCCCTAATN	YDR096W
M00020_2.00	SWI5	12.941	10.351	11	NNTGCTGGTTN	YDR146C
M00021_2.00	ADR1	12.982	8.051	10	TACCCCRCAN	YDR216W
M00022_2.00	MET32	12.82	8.759	10	GGCGCCACAG	YDR253C
M00023_2.00	MIG3	13.47	7.309	10	NNCCCCGCAN	YER028C
M00024_2.00	COM2	10.725	6.925	8	CCCCCTAT	YER130C
M00025_2.00	RPH1	13.656	9.786	11	NTACCCCTAAN	YER169W
M00026_2.00	MIG1	11.058	5.926	8	ACCCCGCA	YGL035C
M00027_2.00	MIG2	8.242	14.043	10	TNCCCCRCAN	YGL209W
M00028_2.00	FZF1	13.298	7.342	10	NCCTATCAAN	YGL254W
M00029_2.00	YGR067C	9.899	8.23	8	CCCCCCAC	YGR067C
M00030_2.00	RIM101	11.709	10.066	10	TCTTGGCRNN	YHL027W
M00031_2.00	RSF2	13.004	8.141	10	TACCCCGCAC	YJR127C
M00032_2.00	MSN4	7.291	10.052	8	NCCCCTTN	YKL062W
M00033_2.00	ACE2	12.466	8.615	10	NTGCTGGTYN	YLR131C
M00034_2.00	STP3	9.644	8.441	8	CTAGCGCA	YLR375W
M00035_2.00	TDA9	13.72	7.267	10	NACCCCGCAC	YML081W
M00036_2.00	MSN2	10.643	6.467	8	TACCCCTT	YMR037C
M00037_2.00	RGM1	10.862	6.362	8	GCCCCTGA	YMR182C
M00038_2.00	CRZ1	10.915	15.03	12	NGGCTGCGCCNN	YNL027W
M00039_2.00	AZF1	2.657	18.831	10	TTNYNNNNNN	YOR113W
M00040_2.00	MET31	10.443	10.853	10	CNACACCTCN	YPL038W
M00041_2.00	USV1	10.852	6.283	8	GCCCCTGA	YPL230W
M00042_2.00	CMR3	13.476	5.103	9	YGTARATCC	YPR013C
M00043_2.00	YPR022C	9.607	10.138	9	CCCCACGCN	YPR022C
M00044_2.00	HCM1	7.83	12.521	9	NRTAAACAA	YCR065W
M00045_2.00	FKH2	13.577	2.896	8	GTAAACAA	YNL068C
M00046_2.00	FHL1	12.405	4.224	8	NGACGCAA	YPR104C
M00047_2.00	SRD1	12.014	5.27	8	AGATCTAC	YCR018C
M00048_2.00	GLN3	10.828	6.141	8	TAGATAAG	YER040W
M00049_2.00	GAT1	5.596	16.343	10	NNNNGATAAN	YFL021W
M00050_2.00	GAT4	13.266	7.328	10	NNAGATCTAG	YIR013C
M00051_2.00	GZF3	11.8	4.827	8	CGATAAGN	YJL110C
M00052_2.00	DAL80	3.82	17.914	10	NNGATATCNN	YKR034W
M00053_2.00	GAT3	8.366	13.558	10	GTAGATCTNN	YLR013W
M00054_2.00	ECM23	11.463	5.399	8	AAGATCTG	YPL021W
M00055_2.00	HMRA2	11.512	5.654	8	CRTGTAAW	YCR096C
M00056_2.00	PHO2	10.697	7.018	8	TAATAAAT	YDL106C
M00057_2.00	TOS8	4.875	17.092	10	NNACRYGTNN	YGL096W
M00058_2.00	YOX1	10.921	6.757	8	ATTAATTA	YML027W
M00059_2.00	CUP9	11.028	6.731	8	TGACACAW	YPL177C
M00060_2.00	HSF1	4.951	15.061	9	NNNTTCCAT	YGL073W
M00061_2.00	SKN7	11.414	6.223	8	ATGGCCAG	YHR206W
M00062_2.00	TOD6	6.868	10.944	8	CCATCGNN	YBL054W
M00063_2.00	REB1	14.232	2.127	8	GTTACCCG	YBR049C
M00064_2.00	DOT6	10.881	6.332	8	STCATCGC	YER088C
M00065_2.00	TBF1	11.685	5.27	8	ARCCCTAA	YPL128C
M00066_2.00	RFX1	13.245	7.607	10	NSGTTGCYAN	YLR176C
M00067_2.00	MOT2	3.426	12.139	7	TATATAA	YER068W
M00068_2.00	NHP10	15.21	1.874	8	TCCCCGGC	YDL002C
M00069_2.00	ABF2	12.385	11.257	11	NGCTCTAGACN	YMR072W
M00070_2.00	ROX1	12.749	10.792	11	NAAACAATANT	YPR065W
M00071_2.00	STE12	13.137	8.132	10	NTGTTTCANA	YHR084W
M00072_2.00	TEC1	11.982	4.658	8	GGGAATGY	YBR083W
M00073_2.00	DAL82	6.476	15.594	10	AAANNTGCGC	YNL314W
M00074_2.00	OAF1	7.443	14.241	10	NTCGGRGNTA	YAL051W
M00075_2.00	EDS1	6.465	15.975	10	NCGGAANAAT	YBR033W
M00076_2.00	TBS1	7.347	12.001	9	NGCGGANCN	YBR150C
M00077_2.00	ERT1	10.661	6.438	8	AYCGGAAC	YBR239C
M00078_2.00	RDS1	11.704	5.583	8	GCGGCCGG	YCR106W
M00079_2.00	UGA3	7.974	11.262	9	GCGGGATNN	YDL170W
M00080_2.00	LYS14	5.121	17.002	10	CNNCGGAATT	YDR034C
M00081_2.00	UME6	6.234	16.15	10	NACCGCGGTN	YDR207C
M00082_2.00	RSC3	12.662	4.766	8	GCGCGCGG	YDR303C
M00083_2.00	URC2	8.465	13.625	10	CGGAGATANN	YDR520C
M00084_2.00	TOG1	11.131	7.928	9	TTTCCGGAN	YER184C
M00085_2.00	PDR1	10.921	6.206	8	CMCGGAAC	YGL013C
M00086_2.00	RSC30	12.662	8.706	10	GGCGCGCGGG	YHR056C
M00087_2.00	STB5	7.304	15.128	10	NCGGNGTTAT	YHR178W
M00088_2.00	ASG1	6.512	8.6	7	CGGAANN	YIL130W
M00089_2.00	SIP4	5.626	16.3	10	NNNTTCCSGA	YJL089W
M00090_2.00	GSM1	9.828	12.14	10	AYTCCGGART	YJL103C
M00091_2.00	PUT3	6.491	14.722	10	NCGGGNNNNN	YKL015W
M00092_2.00	RGT1	8.221	14.104	10	CGGAAAAWNT	YKL038W
M00093_2.00	YKL222C	11.69	12.123	11	NCAACGGAAAT	YKL222C
M00094_2.00	YLL054C	6.444	8.373	7	NNCGGAN	YLL054C
M00095_2.00	CHA4	12.965	8.032	10	NGGCGGAGAW	YLR098C
M00096_2.00	ECM22	6.655	15.398	10	NTCSGRAAAA	YLR228C
M00097_2.00	HAP1	8.197	11.44	9	TCGGANATA	YLR256W
M00098_2.00	PDR8	8.182	11.309	9	NACGGANAW	YLR266C
M00099_2.00	YLR278C	7.101	14.526	10	NNNCGGAGNT	YLR278C
M00100_2.00	STB4	7.992	14.216	10	NTCGGAAANN	YMR019W
M00101_2.00	CEP3	11.674	5.38	8	NCTCGGAA	YMR168C
M00102_2.00	CAT8	8.174	11.025	9	NNNCCGGAN	YMR280C
M00103_2.00	YNR063W	7.538	14.88	10	NTCGGAGATN	YNR063W
M00104_2.00	HAL9	7.082	7.947	7	NCGGAAN	YOL089C
M00105_2.00	YRR1	7.146	15.314	10	GCGGANATAA	YOR162C
M00106_2.00	YRM1	11.627	5.412	8	ACGGAAAT	YOR172W
M00107_2.00	TEA1	11.182	8.272	9	GCGGAAATT	YOR337W
M00108_2.00	RDR1	7.865	7.751	7	GCGGAAA	YOR380W
M00109_2.00	RDS2	7.25	12.192	9	NTCGGRNNN	YPL133C
M00110_2.00	YPR196W	8.039	14.274	10	NCGGAGAAWT	YPR196W
M00374_2.00	CBF1	12.407	7.311	9	NCACGTGAC	YJR060W
M00378_2.00	RAP1	12.167	10.439	10	GGRTGKAYGG	YNL216W
M00902_2.00	ABF1	7.111	14.468	10	CGTNNNAART	YKL112W
M00903_2.00	CAD1	12.143	6.754	9	CTTACTAAT	YDR423C
M00904_2.00	HAC1	7.466	15.012	10	NNACGTGKCN	YFL031W
M00905_2.00	YAP3	12.026	12.001	11	TTWMGTAATAT	YHL009C
M00906_2.00	CST6	10.098	12.255	10	GRTGACGTMA	YIL036W
M00907_2.00	SKO1	13.594	7.425	10	NATGACGTAA	YNL167C
M00908_2.00	CIN5	13.524	12.709	12	NTTACGTAATCA	YOR028C
M00909_2.00	NRG2	13.068	7.822	10	AGGACCCTGN	YBR066C
M00910_2.00	STP1	13.018	7.913	10	AYACGGCGCN	YDR463W
M00911_2.00	ZAP1	6.993	14.759	10	TACCCTNNNG	YJL056C
M00912_2.00	MOT3	13.362	5.161	9	CGTGCCTGC	YMR070W
M00913_2.00	MSN1	12.752	7.946	10	AWWTGTCCTN	YOL116W
M00914_2.00	GCR1	8.491	13.679	10	GGCTTCCTCT	YPL075W
M00915_2.00	HMLALPHA2	4.486	13.562	8	NTTACACG	YCL067C
M00916_2.00	STE12	13.641	7.075	10	NTGTTTCAKN	YHR084W
M00917_2.00	VHR2	13.532	7.391	10	NATGACTCAN	YER064C
M00918_2.00	PDR3	12.66	10.954	11	NCCCGCGGAAN	YBL005W
M00919_2.00	EDS1	3.425	16.501	9	NCGGAANAA	YBR033W
M00920_2.00	UPC2	9.351	10.342	9	NTCGTWTAN	YDR213W
M00921_2.00	TOG1	9.946	17.892	13	NNNTCCGGAGANN	YER184C
M00922_2.00	SUT1	13.555	4.802	9	NCGGASTTN	YGL162W
M00923_2.00	STB5	7.448	14.372	10	NCGGNGTTAN	YHR178W
M00924_2.00	ECM22	7.152	12.757	9	NTRWACGAN	YLR228C
M00925_2.00	HAP1	12.004	7.279	9	TCGGAGWTA	YLR256W
M00926_2.00	YLR278C	13.315	7.465	10	NCCGGAGTTN	YLR278C
M00927_2.00	STB4	12.057	8.93	10	NTTCGGATAN	YMR019W
M01513_2.00	AFT1	13.199	10.398	11	NCGGGTGCAAN	YGL071W
M01514_2.00	MBP1	7.315	14.275	10	NNNNACGCGT	YDL056W
M01515_2.00	XBP1	5.52	10.17	7	NNYTCGA	YIL101C
M01516_2.00	PHD1	9.49	10.09	9	TGATGCANG	YKL043W
M01517_2.00	SUM1	4.991	12.275	8	NAATAAWT	YDR310C
M01518_2.00	RTG3	10.463	16.248	12	NGCACGTGANNN	YBL103C
M01519_2.00	PHO4	8.484	11.306	9	CACGTGCNN	YFR034C
M01520_2.00	CBF1	15.262	3.475	9	CACGTGACC	YJR060W
M01521_2.00	TYE7	9.276	13.578	10	CATCACGTGA	YOR344C
M01522_2.00	YAP6	7.813	16.059	11	NAKGRGGAAAN	YDR259C
M01523_2.00	GCN4	8.416	13.43	10	NRTGACTCAN	YEL009C
M01524_2.00	YAP1	6.916	15.181	10	GMTTACTAAN	YML007W
M01525_2.00	RPN4	5.694	16.575	10	NWWWWWWWWN	YDL020C
M01526_2.00	STP4	11.494	5.481	8	TRCGGCTG	YDL048C
M01527_2.00	NRG1	8.492	11.152	9	GGACCCTNN	YDR043C
M01528_2.00	MET32	11.729	5.576	8	CGCCACAG	YDR253C
M01529_2.00	MIG3	7.168	12.561	9	CCCCGCANN	YER028C
M01530_2.00	COM2	5.482	14.772	9	CCCCTATTN	YER130C
M01531_2.00	RPH1	13.953	11.68	12	YCCCCCCTAAWT	YER169W
M01532_2.00	MIG1	7.737	13.917	10	NCCCCRCANN	YGL035C
M01533_2.00	MIG2	9.461	12.404	10	NNCCCCRCAN	YGL209W
M01534_2.00	YGR067C	7.702	14.49	10	NCCCCACNNN	YGR067C
M01535_2.00	STP2	6.659	14.937	10	NNACGGCNCN	YHR006W
M01536_2.00	SFP1	12.677	4.039	8	ATTTTTTC	YLR403W
M01537_2.00	TDA9	8.439	13.388	10	NNCCCCGCAN	YML081W
M01538_2.00	USV1	10.414	6.957	8	GCCCCTGA	YPL230W
M01539_2.00	CMR3	9.724	12.199	10	TGATYTACGN	YPR013C
M01540_2.00	YPR015C	5.543	9.772	7	CTCCCCC	YPR015C
M01541_2.00	FKH1	7.73	14.923	10	NNGTAAACAA	YIL131C
M01542_2.00	FKH2	6.312	16.193	10	NNGTAAACAA	YNL068C
M01543_2.00	FHL1	7.024	12.833	9	NGACGCAAA	YPR104C
M01544_2.00	SRD1	8.002	11.784	9	GTAGATCYN	YCR018C
M01545_2.00	GLN3	8.48	6.363	7	AGATAAG	YER040W
M01546_2.00	GAT1	6.87	10.719	8	NNGATAAG	YFL021W
M01547_2.00	GAT4	5.148	16.943	10	ANAGATCTNT	YIR013C
M01548_2.00	GZF3	5.869	12.097	8	NNGATAAG	YJL110C
M01549_2.00	GAT3	8.956	12.716	10	GTAGATCCNN	YLR013W
M01550_2.00	MATALPHA2	9.493	7.737	8	AAAACAAT	YCR039C
M01551_2.00	PHO2	7.94	12.03	9	NTAATWWAN	YDL106C
M01552_2.00	YOX1	5.852	9.912	7	TWAATTR	YML027W
M01553_2.00	CUP9	9.866	12.59	10	ATGACACAWW	YPL177C
M01554_2.00	MGA1	5.604	16.053	10	NNNTTCTNTN	YGR249W
M01555_2.00	SKN7	6.788	15.111	10	NTGGCSATNN	YHR206W
M01556_2.00	SFL1	12.367	13.484	12	NTTTCTTCTATN	YOR140W
M01557_2.00	SMP1	15.21	1.874	8	TTAATAAA	YBR182C
M01558_2.00	MCM1	5.061	16.94	10	CNAAWNNGGA	YMR043W
M01559_2.00	TOD6	7.242	12.37	9	CTCATCGCN	YBL054W
M01560_2.00	DOT6	9.065	8.534	8	CTCATCGC	YER088C
M01561_2.00	BAS1	13.562	2.667	8	TGACTCGG	YKR099W
M01562_2.00	TBF1	10.162	11.701	10	NNARCCCTAA	YPL128C
M01563_2.00	NDT80	8.264	14.3	10	TTTTTGTGTC	YHR124W
M01564_2.00	RAP1	8.321	14.325	10	GGGTGTACGG	YNL216W
M01565_2.00	NHP6B	4.581	17.558	10	NTWTWGTGGG	YBR089C-A
M01566_2.00	NHP6A	4.417	13.344	8	NYAYWAAN	YPR052C
M01567_2.00	SPT15	4.922	10.215	7	NNTATAW	YER148W
M01568_2.00	TEC1	9.723	12.102	10	NCGRGAATGT	YBR083W
M01569_2.00	STB3	10.328	12.101	10	AATTTTTCAN	YDR169C
M01570_2.00	OAF1	11.568	7.833	9	TCGGAGTTA	YAL051W
M01571_2.00	TBS1	6.903	12.437	9	GCGGATCCN	YBR150C
M01572_2.00	ERT1	7.433	12.194	9	NNCGGAANN	YBR239C
M01573_2.00	RDS1	6.952	14.62	10	NGCGGNTNAN	YCR106W
M01574_2.00	LYS14	6.191	14.073	9	NCGGAATTN	YDR034C
M01575_2.00	UME6	7.513	12.21	9	GGCGGCWAN	YDR207C
M01576_2.00	RSC3	5.343	15.801	10	NNNNCSCGNN	YDR303C
M01577_2.00	ARO80	6.768	12.379	9	NTCGGNANN	YDR421W
M01578_2.00	URC2	3.273	18.731	10	NNCGGAGATA	YDR520C
M01579_2.00	PDR1	13.1	10.488	11	TTCCGGAAYAA	YGL013C
M01580_2.00	RSC30	5.679	13.589	9	NNGCGGGNN	YHR056C
M01581_2.00	ASG1	6.161	11.091	8	NCGGAWNN	YIL130W
M01582_2.00	SIP4	2.827	18.931	10	NNNNNCGGAA	YJL089W
M01583_2.00	GSM1	7.176	14.185	10	NCGGAGNTNN	YJL103C
M01584_2.00	PUT3	6.942	12.591	9	NNCGGRAAA	YKL015W
M01585_2.00	RGT1	8.714	13.547	10	YCGGAANAWT	YKL038W
M01586_2.00	YKL222C	6.292	13.464	9	NACGGANNT	YKL222C
M01587_2.00	YLL054C	5.948	13.211	9	NNCGGANNN	YLL054C
M01588_2.00	CHA4	6.641	13.113	9	NGCGGANNN	YLR098C
M01589_2.00	ECM22	5.446	11.848	8	NNNCGGAN	YLR228C
M01590_2.00	LEU3	6.537	13.178	9	ACCGGNNTN	YLR451W
M01591_2.00	CEP3	14.381	1.904	8	YTCGGAAA	YMR168C
M01592_2.00	YNR063W	5.769	16.736	10	NTCGGAGATN	YNR063W
M01593_2.00	HAL9	6.096	11.225	8	NCGGAANN	YOL089C
M01594_2.00	YRR1	5.999	16.557	10	ACGGAAATAA	YOR162C
M01595_2.00	YRM1	12.297	16.577	13	NACGGAAATAANN	YOR172W
M01596_2.00	TEA1	6.339	15.661	10	GCGGANATTA	YOR337W
M01597_2.00	RDR1	7.417	10.071	8	GCGGAWNN	YOR380W
M01598_2.00	RDS2	6.612	15.257	10	NNTCGGRNNN	YPL133C
M01599_2.00	GAL4	7.229	7.572	7	NTCGGAG	YPL248C
M01600_2.00	SUT2	9.658	12.101	10	NTCGGASTTN	YPR009W
M01601_2.00	YPR196W	14.623	2.017	8	CGGARAAA	YPR196W
M02189_2.00	MATALPHA2	3.297	14.211	8	NTNACANN	YCR039C
M02190_2.00	PHO2	4.56	17.216	10	NNTATATTAN	YDL106C
M02191_2.00	YHP1	7.093	12.869	9	TWAATTRNN	YDR451C
M02192_2.00	TOS8	10.292	13.214	11	NTTTGACGTMA	YGL096W
M07432_2.00	ABF1	13.765	20.255	16	NTRTCAYTNTNTACGR	YKL112W
M07433_2.00	AFT2	11.888	4.491	8	GGGGTGTG	YPL202C
M07434_2.00	MBP1	8.298	6.719	7	NWCGCGT	YDL056W
M07435_2.00	SWI4	12.905	4.07	8	ACGCGAAA	YER111C
M07436_2.00	XBP1	9.557	5.068	7	CTCGARN	YIL101C
M07437_2.00	PHD1	9.546	11.979	10	ASMTGCAGCN	YKL043W
M07438_2.00	SOK2	10.335	14.022	11	NNCMTGCAKGT	YMR016C
M07439_2.00	SUM1	10.658	8.756	9	AAAAATTTT	YDR310C
M07440_2.00	CBF1	13.365	3.529	8	TCACGTGC	YJR060W
M07441_2.00	TYE7	12.599	2.199	7	TCACGTG	YOR344C
M07442_2.00	HAC1	12.055	4.399	8	CACGTGTC	YFL031W
M07443_2.00	YAP3	13.192	3.612	8	TACGTAAT	YHL009C
M07444_2.00	CST6	12.795	6.405	9	ATGACGTAA	YIL036W
M07445_2.00	CIN5	13.092	8.551	10	TTACGTAAKC	YOR028C
M07446_2.00	REI1	12.141	2.489	7	CCCCTGA	YBR267W
M07447_2.00	RPN4	12.135	2.272	7	CGCCACC	YDL020C
M07448_2.00	STP4	12.696	6.314	9	TGCGCTATC	YDL048C
M07449_2.00	GIS1	10.983	8.005	9	ACCCCTAAN	YDR096W
M07450_2.00	SWI5	11.993	4.644	8	TGCTGGTT	YDR146C
M07451_2.00	ADR1	9.337	5.528	7	ACCCCAC	YDR216W
M07452_2.00	MET32	10.433	4.808	7	CGCCACA	YDR253C
M07453_2.00	MIG3	9.939	4.971	7	CCCCRCA	YER028C
M07454_2.00	COM2	12.209	6.597	9	ACCCCTATN	YER130C
M07455_2.00	RPH1	12.619	4.246	8	ACCCCTAA	YER169W
M07456_2.00	MIG1	9.863	4.856	7	CCCCCRC	YGL035C
M07457_2.00	MIG2	10.025	4.81	7	CCCCRCA	YGL209W
M07458_2.00	FZF1	12.0	0.0	6	CTATCA	YGL254W
M07459_2.00	YGR067C	10.963	17.741	14	ACCCCACNNNNNNN	YGR067C
M07460_2.00	RIM101	12.587	1.679	7	CTTGGCR	YHL027W
M07461_2.00	RSF2	11.809	7.595	9	TTCCCCGCA	YJR127C
M07462_2.00	MSN4	9.429	0.719	5	CCCCT	YKL062W
M07463_2.00	ACE2	10.311	4.481	7	TGCTGGT	YLR131C
M07464_2.00	STP3	12.005	6.836	9	GCTAGCGCA	YLR375W
M07465_2.00	TDA9	11.37	7.106	9	NCCCCGCWC	YML081W
M07466_2.00	MSN2	8.894	1.235	5	CCCCT	YMR037C
M07467_2.00	RGM1	9.25	1.008	5	CCCCT	YMR182C
M07468_2.00	CRZ1	9.551	9.683	9	CNAMGCCAC	YNL027W
M07469_2.00	AZF1	13.05	6.475	9	TTTCTTTTT	YOR113W
M07470_2.00	MET31	12.231	6.65	9	CGCCACANY	YPL038W
M07471_2.00	CMR3	11.561	7.151	9	TGATYTACR	YPR013C
M07472_2.00	YPR022C	11.061	3.235	7	CCCCACN	YPR022C
M07473_2.00	HCM1	10.235	7.17	8	ATAAACAA	YCR065W
M07474_2.00	FKH2	13.569	0.554	7	GTAAACA	YNL068C
M07475_2.00	FHL1	12.418	4.397	8	GACGCAAA	YPR104C
M07476_2.00	SRD1	9.942	7.674	8	AGATCTAC	YCR018C
M07477_2.00	GLN3	7.988	2.139	5	GATAA	YER040W
M07478_2.00	GAT1	12.349	4.383	8	CYGATAAG	YFL021W
M07479_2.00	GAT4	10.858	12.441	11	ANAGATCTANN	YIR013C
M07480_2.00	GZF3	10.889	5.781	8	YGATAASA	YJL110C
M07481_2.00	DAL80	11.816	3.015	7	CGATAAG	YKR034W
M07482_2.00	GAT3	9.32	10.529	9	AGATCTANN	YLR013W
M07483_2.00	ECM23	9.271	14.504	11	NNAGATCTNNN	YPL021W
M07484_2.00	HMRA2	11.783	5.292	8	CRTGTAAW	YCR096C
M07485_2.00	PHO2	7.728	4.558	6	WTAWTW	YDL106C
M07486_2.00	TOS8	11.259	5.707	8	TTTGACAG	YGL096W
M07487_2.00	YOX1	12.357	4.394	8	TTAATTAA	YML027W
M07488_2.00	CUP9	12.214	7.169	9	TGACACAWW	YPL177C
M07489_2.00	HSF1	11.278	5.906	8	TGTTCCAT	YGL073W
M07490_2.00	SKN7	8.305	4.044	6	GGCCRN	YHR206W
M07491_2.00	REB1	14.234	4.362	9	GTTACCCKG	YBR049C
M07492_2.00	TBF1	10.227	7.197	8	ARCCCTAA	YPL128C
M07493_2.00	RAP1	14.288	7.334	10	TGTATGGGTG	YNL216W
M07494_2.00	RFX1	11.952	4.713	8	GGTTGCYA	YLR176C
M07495_2.00	MOT2	9.763	0.426	5	ATATA	YER068W
M07496_2.00	NHP10	12.935	4.139	8	TCCCCGGC	YDL002C
M07497_2.00	ABF2	11.391	3.335	7	TCTAGAG	YMR072W
M07498_2.00	ROX1	16.693	8.057	12	YCCATTGTTCTC	YPR065W
M07499_2.00	TEC1	11.625	5.239	8	GGGAATGT	YBR083W
M07500_2.00	DAL82	10.692	8.659	9	AAWGTGCGC	YNL314W
M07501_2.00	OAF1	11.798	7.654	9	TCGGRGATA	YAL051W
M07502_2.00	EDS1	12.254	6.801	9	CGGAAAAAT	YBR033W
M07503_2.00	TBS1	11.783	6.166	8	CGGATCCG	YBR150C
M07504_2.00	ERT1	12.166	4.565	8	AYCGGAAC	YBR239C
M07505_2.00	RDS1	10.58	4.237	7	CGGCCGN	YCR106W
M07506_2.00	UGA3	11.866	4.978	8	CGGCGGGA	YDL170W
M07507_2.00	LYS14	12.628	4.457	8	CCGGAATT	YDR034C
M07508_2.00	UPC2	9.487	5.316	7	TAWACGA	YDR213W
M07509_2.00	RSC3	8.78	6.022	7	NCGCGCG	YDR303C
M07510_2.00	URC2	12.451	8.594	10	CCGGAGWTAA	YDR520C
M07511_2.00	TOG1	10.159	6.75	8	CTCCGGAA	YER184C
M07512_2.00	PDR1	11.55	5.988	8	TCCGCGGA	YGL013C
M07513_2.00	RSC30	10.948	5.944	8	CSCGCGCG	YHR056C
M07514_2.00	STB5	10.033	6.986	8	CGGNGTTA	YHR178W
M07515_2.00	ASG1	9.342	2.904	6	CCGGAW	YIL130W
M07516_2.00	SIP4	9.229	5.317	7	TCCGGAG	YJL089W
M07517_2.00	PUT3	11.714	5.476	8	CCCGGGAA	YKL015W
M07518_2.00	RGT1	11.19	12.212	11	NCGGAAAAWNT	YKL038W
M07519_2.00	YKL222C	12.016	7.467	9	AACGGARAT	YKL222C
M07520_2.00	YLL054C	9.742	5.44	7	CGGCCGA	YLL054C
M07521_2.00	CHA4	11.907	4.764	8	GGCGGAGA	YLR098C
M07522_2.00	ECM22	10.216	4.649	7	TCCGGAG	YLR228C
M07523_2.00	HAP1	11.312	5.879	8	CGGAGWTA	YLR256W
M07524_2.00	PDR8	13.137	3.736	8	RCGGAGAT	YLR266C
M07525_2.00	YLR278C	11.604	5.417	8	CCGGAGTT	YLR278C
M07526_2.00	LEU3	12.562	7.732	10	CCKKTASCGG	YLR451W
M07527_2.00	STB4	11.775	2.61	7	YTCGGAA	YMR019W
M07528_2.00	CEP3	12.551	4.365	8	YTCGGAAA	YMR168C
M07529_2.00	CAT8	9.084	3.217	6	CCGGAN	YMR280C
M07530_2.00	YNR063W	12.875	4.054	8	TCGGAGAT	YNR063W
M07531_2.00	HAL9	9.047	0.953	5	CGGAR	YOL089C
M07532_2.00	YRR1	12.154	12.041	11	RCGGANATAAG	YOR162C
M07533_2.00	YRM1	12.06	5.357	8	ACGGAAAT	YOR172W
M07534_2.00	TEA1	10.155	6.676	8	GCGSRCAT	YOR337W
M07535_2.00	RDR1	12.585	4.043	8	TGCGGAAC	YOR380W
M07536_2.00	RDS2	10.968	3.82	7	CTCGGGG	YPL133C
M07537_2.00	YPR196W	10.852	8.371	9	CGGAGAAAT	YPR196W
M07547_2.00	PHD1	35.552	25.111	28	CCACACCCACACACCACACCCACACCCA	YKL043W
M07548_2.00	PHD1	9.138	2.862	6	MTGCRC	YKL043W
M07549_2.00	PHD1	20.278	2.12	11	TAGCCGCCGAG	YKL043W
M07553_2.00	REB1	13.979	9.62	11	TGTTACCCGGM	YBR049C
M07554_2.00	REB1	27.39	17.15	21	CACCACWCCCACACACCMWMC	YBR049C
M07555_2.00	REB1	36.588	5.705	21	TCTCACATTCCACTCCAYGGC	YBR049C
M07556_2.00	RAP1	14.435	9.648	11	RTGTRTGGGTG	YNL216W
M07557_2.00	RAP1	20.443	2.15	11	GTGTGKGTGTG	YNL216W
M07558_2.00	RAP1	19.8	3.387	11	GGTGTGGTGTG	YNL216W
M07559_2.00	GAL4	9.676	7.096	8	GGAASACT	YPL248C
M07560_2.00	GAL4	20.163	1.837	11	GGGAAAGGGTC	YPL248C
M07561_2.00	GAL4	14.0	0.0	7	AGAACAA	YPL248C
M08405_2.00	INO2	14.409	5.186	9	TTCACATGC	YDR123C
M08406_2.00	INO4	14.555	4.791	9	TTCACATGC	YOL108C
M08408_2.00	MET28	12.0	0.0	6	CCACAG	YIR017C
M08409_2.00	YAP5	8.775	3.518	6	ARRCAT	YIR018W
M08410_2.00	ARR1	9.893	7.013	8	ATTCARRT	YPR199C
M08414_2.00	STP1	11.098	5.447	8	YGCGGCKC	YDR463W
M08415_2.00	RME1	11.456	10.1	10	TTCCTTTGGA	YGR044C
M08416_2.00	ZAP1	22.962	7.968	15	ACCYTMAAGGTCATG	YJL056C
M08417_2.00	MOT3	9.415	2.585	6	TRCCTN	YMR070W
M08419_2.00	ASH1	12.399	9.267	10	CCYGATCCGG	YKL185W
M08422_2.00	HMRA1	13.0	1.0	7	RCACAAT	YCR097W
M08423_2.00	YHP1	12.0	0.0	6	TAATTG	YDR451C
M08426_2.00	ARG80	9.25	2.908	6	WGACKC	YMR042W
M08429_2.00	IXR1	21.595	9.377	15	CMCCGCTYCCGGCTT	YKL032C
M08432_2.00	SPT2	11.683	8.788	10	WATTAAAKAR	YER161C
M08433_2.00	OPI1	10.795	3.664	7	CGGTTCG	YHL020C
M08434_2.00	IME1	14.126	2.169	8	CTCGGCGG	YJR094C
M08435_2.00	SPT23	10.629	6.249	8	RAAATCAA	YKL020C
M08436_2.00	MET4	13.898	2.2	8	AACTGTGG	YNL103W
M08437_2.00	GCR2	10.879	3.85	7	GCTTCCN	YNL199C
M08438_2.00	PDR3	16.0	0.0	8	TCCGCGGA	YBL005W
M08439_2.00	SUT1	8.654	6.509	7	CGCGGGG	YGL162W
M08440_2.00	DAL81	38.0	0.0	19	AAAAGCCGCGGGCGGGATT	YIR023W
M08441_2.00	ARG81	12.262	4.344	8	GTGACTCN	YML099C
M08442_2.00	CAD1	16.612	4.338	10	GMTTACTAAT	YDR423C
M08443_2.00	SKO1	14.704	1.429	8	ACGTAWTG	YNL167C
M08444_2.00	YAP7	15.274	8.248	11	TGMTTACTAAT	YOL028C
M08452_2.00	HAP2	8.509	1.779	5	TTGGY	YGL237C
M08453_2.00	CUP2	15.923	6.358	11	CWTTTYTGCTG	YGL166W
M08454_2.00	MAC1	13.849	2.771	8	TTTGCTCR	YMR021C
M08456_2.00	GCR1	12.357	4.47	8	GGCTTCCA	YPL075W
M08458_2.00	MCM1	14.26	12.195	12	TTCCYAAWTGGG	YMR043W
M08459_2.00	RLM1	21.675	15.378	18	NGTTCTAWWWATAGAYYN	YPL089C
M08460_2.00	NSI1	17.208	3.684	10	TTTACCCGGM	YDR026C
M08463_2.00	STE12	11.189	3.689	7	TGTTTCA	YHR084W
M08464_2.00	HAP3	17.454	14.483	15	TCTGATTGGYYCARA	YBL021C
M08465_2.00	SNT2	18.585	4.269	11	CGGCGCTAYCA	YGL131C
M08466_2.00	HAP5	15.857	16.608	15	RCCAATCAGATCCSA	YOR358W
M08467_2.00	THI2	22.457	8.37	15	GGMAACYSTAAGARC	YBR240C
M08468_2.00	UME6	20.51	6.71	13	TCGGCGGCTAWWT	YDR207C
M08469_2.00	ABF1	13.3	24.74	18	NNRTCAYTNNNNACGRNN	YKL112W
M08470_2.00	AFT1	9.753	5.998	7	RGGTGCA	YGL071W
M08471_2.00	AFT2	8.296	5.489	6	GGGTGY	YPL202C
M08472_2.00	MBP1	8.26	6.804	7	NACGCGT	YDL056W
M08473_2.00	SWI4	12.892	4.064	8	ACGCGAAA	YER111C
M08474_2.00	XBP1	13.381	12.738	12	GCCTCGARGMGR	YIL101C
M08475_2.00	PHD1	8.838	9.051	8	SCTGCAGG	YKL043W
M08476_2.00	PHD1	9.5	12.127	10	ASMTGCAGCN	YKL043W
M08477_2.00	SOK2	8.565	9.465	8	TTCCTGCA	YMR016C
M08478_2.00	SUM1	11.145	13.987	11	GYGWCASWAAA	YDR310C
M08479_2.00	SUM1	10.653	8.76	9	AAAAATTTT	YDR310C
M08480_2.00	RTG3	10.286	14.488	11	NATGACTCATC	YBL103C
M08481_2.00	RTG3	8.113	10.307	8	NGTGACCG	YBL103C
M08482_2.00	RTG3	16.797	27.045	20	ATATTAGCACGTGCTTANTC	YBL103C
M08483_2.00	INO2	14.046	5.892	9	TTCACATGC	YDR123C
M08484_2.00	PHO4	10.749	6.685	8	SCACGTGT	YFR034C
M08485_2.00	CBF1	8.084	9.818	8	TCACGTGN	YJR060W
M08486_2.00	RTG1	8.565	16.635	11	TATCACTCATN	YOL067C
M08487_2.00	RTG1	7.252	11.3	8	AGTGACCG	YOL067C
M08488_2.00	HMS1	7.227	10.982	8	NCACGTMG	YOR032C
M08489_2.00	TYE7	13.051	7.28	9	ATCACGTGA	YOR344C
M08490_2.00	YAP6	11.441	6.181	8	TTATGTAA	YDR259C
M08491_2.00	CAD1	12.712	4.283	8	TTACGTAA	YDR423C
M08492_2.00	CAD1	14.481	7.824	10	GCTTACTAAT	YDR423C
M08493_2.00	GCN4	12.414	4.619	8	RTGACTCA	YEL009C
M08494_2.00	ACA1	14.163	1.837	8	TGACGTAA	YER045C
M08495_2.00	HAC1	13.96	12.586	12	AGGACACGTATG	YFL031W
M08496_2.00	HAC1	11.938	10.985	11	RACACGCTGNC	YFL031W
M08497_2.00	YAP3	12.646	4.498	8	TTACSTAA	YHL009C
M08498_2.00	YAP3	13.146	1.952	7	TTACTAA	YHL009C
M08499_2.00	CST6	12.761	6.487	9	ATGACGTAA	YIL036W
M08500_2.00	YAP5	13.552	9.808	11	ATTATTAATTN	YIR018W
M08501_2.00	YAP1	11.793	5.47	8	TTACGTAA	YML007W
M08502_2.00	YAP1	14.591	11.571	12	GMTKACTAATAG	YML007W
M08503_2.00	SKO1	9.627	8.557	8	AATGACGT	YNL167C
M08504_2.00	YAP7	11.168	6.229	8	TKACGTRA	YOL028C
M08505_2.00	YAP7	13.463	12.139	12	NATTASTMAGCA	YOL028C
M08506_2.00	CIN5	9.866	7.127	8	TAATTAYG	YOR028C
M08507_2.00	CIN5	11.394	6.788	8	TTACGTAA	YOR028C
M08508_2.00	ARR1	10.254	6.948	8	ATTYAAAT	YPR199C
M08509_2.00	NRG2	9.914	7.068	8	GGACCCTK	YBR066C
M08510_2.00	REI1	12.163	2.465	7	CCCCTGA	YBR267W
M08511_2.00	RPN4	14.036	11.454	12	NNNGGTGGCRAA	YDL020C
M08512_2.00	STP4	12.643	6.525	9	TGCGCTATC	YDL048C
M08513_2.00	NRG1	10.634	4.973	7	GGACCCT	YDR043C
M08514_2.00	NRG1	10.955	4.695	7	TGTGCCT	YDR043C
M08515_2.00	GIS1	10.982	8.014	9	ACCCCTAAN	YDR096W
M08516_2.00	SWI5	12.015	4.614	8	TGCTGGTT	YDR146C
M08517_2.00	ADR1	9.325	5.563	7	ACCCCAC	YDR216W
M08518_2.00	MET32	9.155	8.65	8	GTGCCACA	YDR253C
M08519_2.00	STP1	10.56	6.134	8	TGCGGCKN	YDR463W
M08520_2.00	MIG3	9.939	4.968	7	CCCCRCA	YER028C
M08521_2.00	COM2	12.224	6.559	9	NCCCCTATN	YER130C
M08522_2.00	RPH1	12.607	4.267	8	ACCCCTAA	YER169W
M08523_2.00	MIG1	9.878	4.839	7	CCCCCRC	YGL035C
M08524_2.00	MIG1	13.165	8.09	10	CCCCRSWWWW	YGL035C
M08525_2.00	MIG2	10.022	4.826	7	CCCCRCA	YGL209W
M08526_2.00	FZF1	46.0	0.0	23	CGTATCGTATAAGGCAACAATAG	YGL254W
M08527_2.00	RME1	18.554	3.738	11	TTTTGAGGTAC	YGR044C
M08528_2.00	YGR067C	10.971	17.751	14	ACCCCACNNNNNNN	YGR067C
M08529_2.00	RIM101	13.146	1.952	7	TGCCAAG	YHL027W
M08530_2.00	STP2	14.792	28.556	20	NNGNCGTRCGGCGCCGNTNA	YHR006W
M08531_2.00	ZAP1	19.838	2.552	11	ACCCTAAAGGT	YJL056C
M08532_2.00	RSF2	11.81	7.592	9	TTCCCCGCA	YJR127C
M08533_2.00	MSN4	9.323	1.016	5	CCCCT	YKL062W
M08534_2.00	ACE2	9.939	7.395	8	TGCTGGTC	YLR131C
M08535_2.00	STP3	11.965	7.023	9	GCTAGCGCA	YLR375W
M08536_2.00	SFP1	17.322	29.529	21	ANNNAAAAAAWTTTTYYNCGG	YLR403W
M08537_2.00	TDA9	18.018	27.709	21	NYGTANTACCCCGCANTTNNG	YML081W
M08538_2.00	MSN2	6.105	8.727	7	NCYCCTT	YMR037C
M08539_2.00	MOT3	8.847	3.937	6	TRCCTN	YMR070W
M08540_2.00	RGM1	9.207	1.149	5	CCCCT	YMR182C
M08541_2.00	CRZ1	9.524	9.745	9	CNAMGCCAC	YNL027W
M08542_2.00	AZF1	13.088	6.455	9	TTTCTTTTT	YOR113W
M08543_2.00	MET31	9.029	8.428	8	CCACAGTG	YPL038W
M08544_2.00	USV1	9.281	0.896	5	CCCCT	YPL230W
M08545_2.00	CMR3	18.059	24.658	20	NNNAAYGTAAATCACWTTNN	YPR013C
M08546_2.00	YPR015C	19.715	23.377	20	TNAAGACGTAAATCCTTACN	YPR015C
M08547_2.00	YPR022C	11.074	3.227	7	CCCCACN	YPR022C
M08548_2.00	PZF1	28.0	0.0	14	TGTAGTGGGTGACC	YPR186C
M08549_2.00	CUP2	20.0	0.0	10	TCTTTTGCTG	YGL166W
M08550_2.00	CUP2	22.0	0.0	11	TCTTTTTGCTG	YGL166W
M08551_2.00	CUP2	24.0	0.0	12	TCTTTTTTGCTG	YGL166W
M08552_2.00	MAC1	13.846	2.775	8	TTTGCTCR	YMR021C
M08553_2.00	HAA1	9.0	3.0	6	SMGGSG	YPR008W
M08554_2.00	HCM1	10.283	7.101	8	ATAAACAA	YCR065W
M08555_2.00	FKH1	12.338	13.193	12	NNGTAAACAAGN	YIL131C
M08556_2.00	FKH2	18.177	25.181	20	NNNAAAGTAAACAAAGANGN	YNL068C
M08557_2.00	FHL1	15.547	28.148	20	AAAATNGACGCAAWTNNGTT	YPR104C
M08558_2.00	SRD1	9.947	7.685	8	AGATCTAC	YCR018C
M08559_2.00	GLN3	7.986	2.192	5	GATAA	YER040W
M08560_2.00	GAT1	11.18	5.871	8	TTTGATWA	YFL021W
M08561_2.00	GAT4	10.761	12.731	11	ANAGATCTANN	YIR013C
M08562_2.00	GZF3	11.268	1.673	6	GATAAG	YJL110C
M08563_2.00	ASH1	9.0	1.0	5	YTGAT	YKL185W
M08564_2.00	DAL80	8.964	8.251	8	CNCGATAT	YKR034W
M08565_2.00	GAT3	9.284	10.615	9	AGATCTANN	YLR013W
M08566_2.00	ECM23	9.307	14.489	11	NNAGATCTNNN	YPL021W
M08567_2.00	MSN1	10.254	7.362	8	GTCCNAAT	YOL116W
M08568_2.00	MSN1	10.284	7.393	8	AATGTCCT	YOL116W
M08569_2.00	GCR1	10.418	4.499	7	GCTTCCW	YPL075W
M08570_2.00	MATALPHA2	6.982	5.947	6	ACAYGW	YCR039C
M08571_2.00	HMRA2	11.801	5.268	8	CRTGTAAW	YCR096C
M08572_2.00	PHO2	7.725	4.641	6	WTAWTW	YDL106C
M08573_2.00	YHP1	9.024	8.548	8	WGTAATTR	YDR451C
M08574_2.00	TOS8	11.251	5.698	8	TTTGACAG	YGL096W
M08575_2.00	YOX1	12.346	4.422	8	TTAATTAA	YML027W
M08576_2.00	CUP9	12.145	7.252	9	TGACACAWW	YPL177C
M08577_2.00	HSF1	12.66	5.132	8	TTCTAGAA	YGL073W
M08578_2.00	HSF1	12.188	16.85	13	GAANNTTNTAGAA	YGL073W
M08579_2.00	HSF1	11.345	5.821	8	TGTTCCAT	YGL073W
M08580_2.00	HSF1	17.723	13.307	14	RGAATNTTCTAGAA	YGL073W
M08581_2.00	MGA1	15.8	29.846	21	NTTNGARTGTTCTATANTNCT	YGR249W
M08582_2.00	SKN7	8.707	11.589	9	GCCNGGSCC	YHR206W
M08583_2.00	SKN7	8.274	4.174	6	GGCCRN	YHR206W
M08584_2.00	HMS2	16.914	3.215	10	WGAAGGAAAK	YJR147W
M08585_2.00	SFL1	15.024	2.231	8	GAAGCTTC	YOR140W
M08586_2.00	SFL1	15.34	31.092	21	WWWTATTTCTTCTATTNTNTA	YOR140W
M08587_2.00	SMP1	14.599	32.698	21	TTACCTWTAATTAWATNAGCN	YBR182C
M08588_2.00	ARG80	9.207	26.028	16	NNNCCTNGTGCGGAAA	YMR042W
M08589_2.00	MCM1	15.384	29.34	20	TNTTTCCCAATTCGGAAATN	YMR043W
M08590_2.00	RLM1	13.34	7.883	10	CTAWWAWTAG	YPL089C
M08591_2.00	MATALPHA1	28.5	18.132	22	TTTCCTAATTAGTNCATCAATG	YCR040W
M08592_2.00	TOD6	17.461	28.15	21	AGGNACASCTCATCGCGTTNN	YBL054W
M08593_2.00	REB1	16.487	11.482	13	RTTACCCGGMYTN	YBR049C
M08594_2.00	NSI1	11.983	0.064	6	ACCCGG	YDR026C
M08595_2.00	DOT6	16.893	28.74	21	TNNTGCASCTCATCGCNTCCT	YER088C
M08596_2.00	BAS1	11.229	1.563	6	TGACTC	YKR099W
M08597_2.00	TBF1	16.086	16.186	15	GAYCAACCCTAACGG	YPL128C
M08598_2.00	NDT80	10.618	12.101	10	NTTTGTGTCG	YHR124W
M08599_2.00	RAP1	15.371	13.134	13	GRTGTATGGGTGT	YNL216W
M08600_2.00	RFX1	16.865	19.55	16	CGTTGCCATGGCAACC	YLR176C
M08601_2.00	RFX1	11.979	4.676	8	GGTTGCYA	YLR176C
M08602_2.00	MOT2	9.612	0.863	5	ATATA	YER068W
M08603_2.00	NHP6B	12.735	31.937	20	TNTATTWATATATWAWANNN	YBR089C-A
M08604_2.00	NHP10	12.99	4.08	8	TCCCCGGC	YDL002C
M08605_2.00	ABF2	11.427	3.283	7	TCTAGAG	YMR072W
M08606_2.00	NHP6A	14.69	31.8	21	NNATTTTTATATATAGNTNAN	YPR052C
M08607_2.00	ROX1	9.911	7.427	8	CTATTGTN	YPR065W
M08608_2.00	STE12	10.267	5.905	7	TGTTTCA	YHR084W
M08609_2.00	SPT15	18.821	27.358	21	NTCSAATATATATANCTANNC	YER148W
M08610_2.00	TEC1	16.06	26.999	20	TNNNTCRRGAATGTTGGTTN	YBR083W
M08611_2.00	KAR4	19.038	14.475	16	AMAACAAAAACTGGYT	YCL055W
M08612_2.00	FYV5	14.0	26.0	20	ATATNNNNNNNNNNNNNACA	YCL058C
M08613_2.00	PDC2	18.045	4.511	11	WWTATATGTAT	YDR081C
M08614_2.00	STB3	20.121	26.11	21	GTCCAAAWTTTTTCACTNNNN	YDR169C
M08615_2.00	HEL2	13.876	4.709	9	TTGGATCGT	YDR266C
M08616_2.00	SNF1	10.13	4.857	7	TTTCTTT	YDR477W
M08617_2.00	JHD1	10.828	1.62	6	TTCGAA	YER051W
M08618_2.00	ARG5,6	14.096	8.279	11	GCTMAAMGGCK	YER069W
M08619_2.00	FLO8	10.0	0.0	5	GCAAA	YER109C
M08620_2.00	SPT2	12.143	4.678	8	GAAATGAA	YER161C
M08621_2.00	OTU1	10.228	4.351	7	AAATAAA	YFL044C
M08622_2.00	SNT2	20.036	11.693	15	RNACGGCGCTATCAW	YGL131C
M08623_2.00	GTS1	9.974	2.578	6	TTGGTA	YGL181W
M08624_2.00	IME4	10.483	6.424	8	TTWTCMTT	YGL192W
M08625_2.00	SPT10	18.823	13.618	15	WCTATCWGCTGATCG	YJL127C
M08626_2.00	SPT23	10.874	6.304	8	RAAATCAA	YKL020C
M08627_2.00	HAP4	13.828	18.618	15	TNNNNTYTGATTGGT	YKL109W
M08628_2.00	ORC1	23.198	13.067	17	AACWAAACATAAAAAAA	YML065W
M08629_2.00	WAR1	12.0	46.0	29	CCGNNNNNNNNNNNNNNNNNNNNNNNCGG	YML076C
M08630_2.00	DAT1	20.0	2.0	11	AAAAANAAAAA	YML113W
M08631_2.00	STB2	11.784	5.287	8	CGGGTAAA	YMR053C
M08632_2.00	RCO1	8.273	6.042	7	ARYYTGT	YMR075W
M08633_2.00	MSS11	10.0	0.0	5	GCAAA	YMR164C
M08634_2.00	THO2	16.454	9.271	12	AAAGAAGAAAAT	YNL139C
M08635_2.00	DAL82	10.931	11.054	10	AAAAWTGYGC	YNL314W
M08636_2.00	WTM1	20.917	14.333	17	ATAWTAATATTACMAWT	YOR230W
M08637_2.00	UME1	12.319	8.522	10	GAAATSAARA	YPL139C
M08638_2.00	SMK1	20.462	20.681	19	TCAACTCTGARGCTKGCTW	YPR054W
M08639_2.00	SUA7	13.137	7.589	10	ATAGCSCCCC	YPR086W
M08640_2.00	VHR1	16.0	16.0	16	TCANNNNNNNNTGATT	YIL056W
M08641_2.00	OAF1	12.202	41.26	24	TCGGCGCCTTCTCGCSNGCACCGA	YAL051W
M08642_2.00	PDR3	6.669	6.468	6	CGCGGA	YBL005W
M08643_2.00	PDR3	8.476	9.949	8	TCTGCGGN	YBL005W
M08644_2.00	EDS1	12.225	6.832	9	CGGAAAAAT	YBR033W
M08645_2.00	TBS1	11.744	6.201	8	CGGATCCG	YBR150C
M08646_2.00	ERT1	12.154	4.586	8	AYCGGAAC	YBR239C
M08647_2.00	THI2	10.522	34.163	20	GCGGGTNTTTTGNACNCCGT	YBR240C
M08648_2.00	RDS1	10.597	4.246	7	CGGCCGN	YCR106W
M08649_2.00	UGA3	11.824	5.031	8	CGGCGGGA	YDL170W
M08650_2.00	UGA3	11.268	9.673	10	CCGNNNNCGG	YDL170W
M08651_2.00	LYS14	19.374	12.073	15	WWTTCCRGCGGAATT	YDR034C
M08652_2.00	LYS14	18.283	24.683	20	AGCGCMCGGAATTTTGNGNN	YDR034C
M08653_2.00	UME6	10.734	8.611	9	CCGCGGYWA	YDR207C
M08654_2.00	UPC2	9.477	5.389	7	TAWACGA	YDR213W
M08655_2.00	RSC3	8.708	6.216	7	NCGCGCG	YDR303C
M08656_2.00	ARO80	11.363	18.073	13	CGGTWATTNTCGG	YDR421W
M08657_2.00	ARO80	30.0	22.0	26	CGGYWANNNNCGGYWANNNNCGGYWA	YDR421W
M08658_2.00	ARO80	14.369	30.96	21	GNNAATTCTCGGCAAGTANNN	YDR421W
M08659_2.00	URC2	12.389	8.815	10	CCGGAGWTAA	YDR520C
M08660_2.00	TOG1	10.158	6.74	8	CTCCGGAA	YER184C
M08661_2.00	PDR1	11.533	5.99	8	TCCGCGGA	YGL013C
M08662_2.00	SUT1	7.344	8.013	7	CGCGGGG	YGL162W
M08663_2.00	RSC30	17.705	29.109	21	CCCNNCGCGCGCGCGGTMSAC	YHR056C
M08664_2.00	STB5	8.396	9.094	8	CGGTGTTA	YHR178W
M08665_2.00	STB5	8.46	9.362	8	TCNGCGGG	YHR178W
M08666_2.00	ASG1	9.263	3.125	6	CCGGAW	YIL130W
M08667_2.00	ASG1	17.035	19.04	16	CCGGAWCTCGGCCGGG	YIL130W
M08668_2.00	DAL81	21.0	17.925	18	GTCGGCTCTAAGGCCGAC	YIR023W
M08669_2.00	SIP4	13.005	16.22	13	TCGGCYTAATGGA	YJL089W
M08670_2.00	SIP4	9.246	5.311	7	TCCGGAG	YJL089W
M08671_2.00	GSM1	16.899	28.721	21	NNTACTCCGGAGTTWNNTNAN	YJL103C
M08672_2.00	PUT3	13.313	23.044	16	CGGGATKGGCTTCCCG	YKL015W
M08673_2.00	RGT1	16.746	26.335	20	NTCNNCCGGAAAAAYTTNNA	YKL038W
M08674_2.00	YKL222C	15.311	29.867	21	NNNNNAACGGARATAAGNCNN	YKL222C
M08675_2.00	YLL054C	9.727	5.459	7	CGGCCGA	YLL054C
M08676_2.00	YLL054C	12.197	26.029	18	TCCGNNNNNNNNNACGGA	YLL054C
M08677_2.00	PPR1	16.114	15.123	14	TCGGMGAATGCCGA	YLR014C
M08678_2.00	CHA4	16.385	29.53	21	CNNNNCGGCGGAGWTACNCCN	YLR098C
M08679_2.00	ECM22	16.784	22.497	18	NTCCGGGTNGMCGGAANT	YLR228C
M08680_2.00	HAP1	14.299	10.049	11	GGAAATATCGG	YLR256W
M08681_2.00	PDR8	14.415	1.585	8	TCCNCGGA	YLR266C
M08682_2.00	PDR8	13.155	3.709	8	RCGGAGAT	YLR266C
M08683_2.00	YLR278C	11.584	5.423	8	CCGGAGTT	YLR278C
M08684_2.00	LEU3	9.26	12.339	10	CCGGTACCGG	YLR451W
M08685_2.00	ARG81	9.984	10.615	9	CGGTATCGG	YML099C
M08686_2.00	STB4	11.789	2.605	7	YTCGGAA	YMR019W
M08687_2.00	CEP3	12.586	4.329	8	YTCGGAAA	YMR168C
M08688_2.00	CAT8	10.14	20.819	14	NCGGACNAANGGAN	YMR280C
M08689_2.00	YNR063W	16.087	27.04	20	NCGNNCTCGGAGATTTNNNG	YNR063W
M08690_2.00	HAL9	12.411	25.956	18	TCCGNNNNNNNNNGCGGA	YOL089C
M08691_2.00	YRR1	12.221	11.962	11	RCGGANATAAG	YOR162C
M08692_2.00	YRM1	14.962	32.244	21	CANNCRCGGAAATAAGNCGGT	YOR172W
M08693_2.00	TEA1	25.012	18.69	20	ATCTGCGGAAATTAAWTACC	YOR337W
M08694_2.00	RDR1	15.348	5.65	10	TTCCGCGGAA	YOR380W
M08695_2.00	RDR1	14.588	31.038	21	TNNGNCNTGCGGATATNNNTC	YOR380W
M08696_2.00	RDS2	18.415	9.585	14	NCGGMTNAANGGRN	YPL133C
M08697_2.00	RDS2	15.706	30.093	21	ANNNCCTCGGRTTTTCNNNAT	YPL133C
M08698_2.00	GAL4	14.574	23.44	17	CGGAGGACTCTNGNCCG	YPL248C
M08699_2.00	SUT2	17.052	25.582	20	NNNNTTTCGGAGTTTATNNN	YPR009W
M08700_2.00	YPR196W	14.782	31.864	21	AATNNTCGGAGAAWTTNANNT	YPR196W
M09482_2.00	PHO4	15.216	9.885	12	AASCACGTGTGN	YFR034C
M09483_2.00	CBF1	14.272	7.372	10	TCACGTGAYN	YJR060W
M09583_2.00	PHO2	13.701	8.788	10	CCCACGTGCT	YDL106C
M09695_2.00	ABF1	19.121	27.874	22	NCATRTCAYTATANACGAAANT	YKL112W
M09698_2.00	ABF1	15.912	15.766	15	NATCAYTATAAACGW	YKL112W
M09896_2.00	PHO4	13.53	10.97	12	TASCACGTKGGN	YFR034C
M10055_2.00	GCN4	20.718	37.153	27	CCASNGCCNRTGACTCATCSANNGCNN	YEL009C
M10056_2.00	GCN4	13.917	6.431	10	NAATGACTCA	YEL009C
M10388_2.00	ADR1	8.085	4.243	6	MCYCCA	YDR216W
M10391_2.00	MIG1	18.335	17.553	17	TWCCCCRSATWWWWTTM	YGL035C
M10606_2.00	GCR1	13.416	5.072	9	GGCTTCCWC	YPL075W
M10791_2.00	MATALPHA2	9.318	12.855	10	TWTTACATGA	YCR039C
M10795_2.00	HMRA1	13.668	7.745	10	TGATGTAAAT	YCR097W
M10874_2.00	HSF1	18.61	14.268	15	AGAACAGAACAGAAC	YGL073W
M10875_2.00	HSF1	18.61	14.268	15	AGAACGTTCTGTTCT	YGL073W
M10876_2.00	HSF1	18.61	14.268	15	AGAACGTTCTAGAAC	YGL073W
M10877_2.00	HSF1	18.61	14.268	15	GTTCTGTTCTAGAAC	YGL073W
M10990_2.00	MCM1	16.52	17.788	16	TTTCCYAAWCNGGTAA	YMR043W
M11215_2.00	RAP1	18.891	10.77	14	GRTGTATGGGTKTT	YNL216W
M11453_2.00	CAR1	17.165	19.428	17	GCYTTCGGCGGCTANTN	YPL111W
M11487_2.00	GAL4	22.228	27.379	23	GYTCGGASGACWGTSCTCCGATG	YPL248C
M11488_2.00	GAL4	22.02	25.043	22	CGYTCGGAGGACAGTGCTCCGA	YPL248C
